"","id","first_name","last_name","team","position","age","exp","pos","avg_type","points","pos_rank","drop_off","sd_pts","floor","ceiling","tier","points_vor","rank","floor_vor","floor_rank","ceiling_vor","ceiling_rank"
"1","13593","Lamar","Jackson","BAL","QB",23,1,"QB","average",347.1890171778,1,28.9068502232745,12.9853715904868,340.6105,367.447158404519,1,96.9488910118854,4,99.1380333333333,5,87.0894354309653,7
"2","13116","Patrick","Mahomes","KCC","QB",25,2,"QB","average",338.557748108529,2,46.2239665036101,23.897179343237,326.2892,372.200143568998,1,88.3176219426144,6,84.8167333333334,8,91.842420595444,4
"3","12620","Dak","Prescott","DAL","QB",27,3,"QB","average",298.006585800522,3,12.5876836996509,8.78254803679916,293.902991721774,311.318,2,47.7664596346074,20,52.4305250551078,22,30.9602770264459,39
"4","10703","Russell","Wilson","SEA","QB",32,7,"QB","average",286.660977409316,4,5.14216631741056,22.0372238165075,261.672,309.257509637263,2,36.4208512434013,37,20.1995333333334,66,28.8997866637087,45
"5","13113","Deshaun","Watson","HOU","QB",25,2,"QB","average",284.176826792426,5,5.5801290967342,5.82854831458622,282.4629,294.329111094249,3,33.9367006265118,43,40.9904333333333,38,13.971388120695,75
"6","13130","Christian","McCaffrey","CAR","RB",24,2,"RB","average",281.425,1,22.8675,14.6485494162391,271.685,302.525,1,132.817166666667,1,135.247833333333,1,140.498166666667,2
"7","13589","Josh","Allen","BUF","QB",24,1,"QB","average",278.860795391384,6,1.15188897129735,13.5359284045636,273.00307723483,298.712,3,28.6206692254696,51,31.5306105681638,51,18.3542770264459,70
"8","4925","Drew","Brees","NOS","QB",41,18,"QB","average",278.3326,7,2.85150888649406,23.8035907543379,257.1016,309.784,3,28.0924738340856,53,15.6291333333334,76,29.4262770264459,43
"9","14056","Kyler","Murray","ARI","QB",23,0,"QB","average",277.085212840173,8,8.36058203167141,12.443937613013,268.8215,294.907627704104,3,26.845086674259,57,27.3490333333334,60,14.5499047305499,73
"10","7836","Aaron","Rodgers","GBP","QB",37,14,"QB","average",273.876969386838,9,10.3431691480415,27.6287431516977,257.1768,317.189769386838,3,23.636843220924,63,15.7043333333334,74,36.8320464132844,32
"11","5848","Tom","Brady","NEP","QB",43,19,"QB","average",263.572292230166,10,3.22972696678085,12.3025272165113,255.46,283.101168920662,4,13.3321660642511,79,13.9875333333334,79,2.74344594710806,95
"12","9099","Matt","Ryan","ATL","QB",35,11,"QB","average",263.495308247428,11,9.42039710775799,11.3389873093673,259.6832,281.488,4,13.255182081514,80,18.2107333333333,69,1.13027702644598,103
"13","13604","Saquon","Barkley","NYG","RB",23,1,"RB","average",260.1,2,15.05625,32.6427505989717,241.455,303.21,1,111.492166666667,2,105.017833333333,3,141.183166666667,1
"14","12610","Carson","Wentz","PHI","QB",28,3,"QB","average",257.189822279341,12,10.4245441701397,25.8726986474498,240.5374,293.572795749759,4,6.94969611342646,87,-0.935066666666671,106,13.2150727762049,76
"15","12625","Ezekiel","Elliott","DAL","RB",25,3,"RB","average",257.015,3,24.54,19.2775102126805,245.956,284.06,2,108.407166666667,3,109.518833333333,2,122.033166666667,3
"16","9431","Matthew","Stafford","DET","QB",32,10,"QB","average",242.570556218402,14,7.70734202554021,26.4378480484636,217.6064,276.484,5,-7.669569947512,138,-23.8660666666667,209,-3.8737229735541,122
"17","13590","Baker","Mayfield","CLE","QB",25,1,"QB","average",236.806428385724,15,3.95373257945778,18.6733071828815,223.5271,262.225956511463,5,-13.43369778019,161,-17.9453666666666,182,-18.1317664620911,164
"18","12626","Derrick","Henry","TEN","RB",26,3,"RB","average",233.0725,4,8.97499999999999,9.22653916698997,226.86,246.0735,3,84.4646666666667,7,90.4228333333334,6,84.0466666666667,9
"19","7391","Eli","Manning","NYG","QB",39,15,"QB","average",232.92,16,2.04243781971758,NA,232.92,232.92,6,-17.3201261659144,176,-8.55246666666665,143,-47.4377229735541,248
"20","12611","Jared","Goff","LAR","QB",26,3,"QB","average",232.785391612533,17,4.43286232416978,9.88842266507002,229.7351,248.52413496752,6,-17.4547345533812,179,-11.7373666666667,153,-31.8335880060341,217
"21","13128","Dalvin","Cook","MIN","RB",25,2,"RB","average",231.8775,5,20.6925,11.3856792360696,225.185,248.8965,3,83.2696666666667,8,88.7478333333333,7,86.8696666666667,8
"22","10697","Ryan","Tannehill","TEN","QB",32,7,"QB","average",228.969732748032,18,1.48206983368397,16.7140578725364,217.916,256.638130992127,5,-21.2703934178828,195,-23.5564666666667,208,-23.7195919814275,189
"23","14059","Daniel","Jones","NYG","QB",23,0,"QB","average",227.735325828695,19,1.79340225411971,31.8529061142349,221.3633,283.145407817564,6,-22.5048003372191,201,-20.1091666666666,189,2.78768484401013,94
"24","10695","Andrew","Luck","FA*","QB",31,7,"QB","average",227.24,20,2.61807642542436,NA,227.24,227.24,7,-23.0001261659144,208,-14.2324666666667,167,-53.1177229735541,261
"25","7401","Ben","Roethlisberger","PIT","QB",38,15,"QB","average",224.643847149151,21,0.498085233644815,14.1360164262187,214.436,246.856188596605,7,-25.5962790167632,212,-27.0364666666667,217,-33.5015343769489,222
"26","14067","Gardner","Minshew","JAC","QB",24,0,"QB","average",223.691523831013,23,4.76865534890672,19.4826200633525,215.3283,252.194481025444,8,-26.5486023349015,216,-26.1441666666666,215,-28.1632419481101,202
"27","14057","Drew","Lock","DEN","QB",24,0,"QB","average",219.030770750058,24,1.103287642981,26.0306597331356,201.5722,255.207820550198,8,-31.2093554158563,224,-39.9002666666667,242,-25.1499024233565,193
"28","11760","Jimmy","Garoppolo","SFO","QB",29,5,"QB","average",218.814966214154,25,2.77351621415428,21.105251631125,202.5107,246.553585128125,8,-31.4251599517602,225,-38.9617666666666,241,-33.8041378454296,223
"29","9817","Sam","Bradford","FA","QB",33,9,"QB","average",217.04,26,5.43854999999999,NA,217.04,217.04,9,-33.2001261659144,226,-24.4324666666667,211,-63.3177229735541,282
"30","13132","Alvin","Kamara","NOS","RB",24,2,"RB","average",216.3175,6,12.25875,24.7194233684094,201.2305,249.775,3,67.7096666666667,12,64.7933333333334,12,87.7481666666667,6
"31","7394","Philip","Rivers","LAC","QB",39,15,"QB","average",215.0429,27,7.5429,29.3972623351223,194.0484,258.62,8,-35.1972261659144,232,-47.4240666666666,259,-21.7377229735541,173
"32","12652","Michael","Thomas","NOS","WR",27,3,"WR","average",209.215,1,18.47125,14.6994861021284,199.6605,228.37,1,93.5759444444444,5,99.3885,4,87.7738333333333,5
"33","8252","Jay","Cutler","FA","QB",37,13,"QB","average",208.16,28,1.81399999999999,NA,208.16,208.16,10,-42.0801261659144,247,-33.3124666666667,229,-72.1977229735541,298
"34","10698","Brandon","Weeden","HOU","QB",37,7,"QB","average",206.84,29,3.374,NA,206.84,206.84,11,-43.4001261659144,250,-34.6324666666667,231,-73.5177229735541,303
"35","13319","Aaron","Jones","GBP","RB",26,2,"RB","average",206.0525,7,4.88375000000002,15.1716190632378,192.8665,224.87,4,57.4446666666667,14,56.4293333333333,17,62.8431666666667,16
"36","11640","Teddy","Bridgewater","NOS","QB",28,5,"QB","average",205.852,30,5.79977687809168,0.982054988277118,205.6724,207.44,11,-44.3881261659144,253,-35.8000666666666,233,-72.9177229735541,300
"37","14073","Josh","Jacobs","OAK","RB",22,0,"RB","average",202.065,8,1.95249999999999,25.3254496504998,187.989,236.385,4,53.4571666666667,15,51.5518333333333,24,74.3581666666667,12
"38","7813","Alex","Smith","WAS","QB",36,14,"QB","average",201.08,31,3.2739811033868,NA,201.08,201.08,12,-49.1601261659144,263,-40.3924666666666,245,-79.2777229735541,320
"39","13131","Joe","Mixon","CIN","RB",24,2,"RB","average",200.2725,9,2.27875,16.0863821807971,194.7965,223.455,4,51.6646666666667,17,58.3593333333334,15,61.4281666666667,17
"40","13610","Nick","Chubb","CLE","RB",25,1,"RB","average",199.9525,10,4.56749999999997,19.2298385761989,190.345,227.1115,4,51.3446666666667,19,53.9078333333333,19,65.0846666666667,14
"41","13592","Sam","Darnold","NYJ","QB",23,1,"QB","average",199.024446243817,32,8.73031713577851,26.038679988332,178.6723,232.913417228977,11,-51.2156799220977,269,-62.8001666666667,299,-47.4443057445773,249
"42","11644","Derek","Carr","OAK","QB",29,5,"QB","average",196.58759154941,33,14.3072582160764,37.0743536747384,163.4445,241.444311267993,12,-53.6525346165047,275,-78.0279666666667,349,-38.9134117055611,233
"43","14079","Miles","Sanders","PHI","RB",23,0,"RB","average",196.035,11,1.86750000000001,17.3911347147524,186.486,220.665,4,47.4271666666667,21,50.0488333333334,28,58.6381666666667,18
"44","12630","Kenyan","Drake","ARI","RB",26,3,"RB","average",194.735,12,2.38500000000002,10.5871179584751,189.851,210.585,4,46.1271666666667,23,53.4138333333333,20,48.5581666666667,22
"45","11675","Davante","Adams","GBP","WR",28,5,"WR","average",194.01,2,8.38275000000002,11.1347983068097,182.249,204.635,2,78.3709444444445,9,81.977,9,64.0388333333333,15
"46","10709","Doug","Martin","FA","RB",31,7,"RB","average",193.6,13,4.59999999999999,NA,193.6,193.6,4,44.9921666666667,24,57.1628333333333,16,31.5731666666667,37
"47","9448","LeSean","McCoy","KCC","RB",32,10,"RB","average",191.1,14,5.39874999999998,NA,191.1,191.1,5,42.4921666666667,27,54.6628333333333,18,29.0731666666667,44
"48","12801","Tyreek","Hill","KCC","WR",26,3,"WR","average",187.4775,3,11.93775,22.999515031119,168.5265,215.205,2,71.8384444444445,10,68.2545,11,74.6088333333333,11
"49","8670","Marshawn","Lynch","SEA","RB",34,12,"RB","average",186.9,15,2.79875000000001,NA,186.9,186.9,6,38.2921666666667,30,50.4628333333334,26,24.8731666666667,51
"50","13364","Chris","Carson","SEA","RB",26,2,"RB","average",184.5025,16,1.40249999999997,15.8204832943455,170.5615,203.53,6,35.8946666666667,38,34.1243333333334,47,41.5031666666667,27
"51","14063","Jarrett","Stidham","NEP","QB",24,0,"QB","average",184.000666666667,34,4.77775094440483,37.1500517002781,153.1392,219.7572,12,-66.2394594992478,299,-88.3332666666666,362,-60.6005229735541,275
"52","10271","Julio","Jones","ATL","WR",31,8,"WR","average",183.777,4,19.00825,7.05995750695427,177.54,193.76,3,68.1379444444444,11,77.268,10,53.1638333333333,19
"53","10870","Alfred","Morris","FA","RB",32,7,"RB","average",182.5,18,2.32499999999999,NA,182.5,182.5,8,33.8921666666667,44,46.0628333333333,32,20.4731666666667,61
"54","12150","Todd","Gurley","LAR","RB",26,4,"RB","average",182.1975,19,4.72125000000003,15.6210549686419,166.3835,196.765,6,33.5896666666667,45,29.9463333333333,56,34.7381666666667,33
"55","10273","Cam","Newton","CAR","QB",31,8,"QB","average",180.56,35,7.19708427773816,16.348308781033,170.156,190.964,13,-69.6801261659144,306,-71.3164666666667,324,-89.3937229735541,348
"56","13129","Leonard","Fournette","JAC","RB",25,2,"RB","average",178.1525,20,1.6525,24.1680165714938,155.4215,202.595,8,29.5446666666667,48,18.9843333333334,68,40.5681666666667,30
"57","10700","Kirk","Cousins","MIN","QB",32,7,"QB","average",177.885831444524,36,18.4099479905419,93.9409064330237,58.7826314445237,237.9732,8,-72.3542947213908,314,-182.689835222143,502,-42.3845229735541,241
"58","10334","Stevan","Ridley","FA","RB",31,8,"RB","average",176.8,21,1.28999999999999,NA,176.8,176.8,9,28.1921666666667,52,40.3628333333334,40,14.7731666666667,71
"59","13404","Austin","Ekeler","LAC","RB",25,2,"RB","average",174.82,23,2.41625000000002,7.13360124107499,171.025,185.737,10,26.2121666666667,59,34.5878333333334,46,23.7101666666667,55
"60","9054","Jamaal","Charles","FA","RB",34,11,"RB","average",172.8,24,0.796250000000015,NA,172.8,172.8,11,24.1921666666667,62,36.3628333333334,44,10.7731666666667,82
"61","12151","Melvin","Gordon","LAC","RB",27,4,"RB","average",172.0075,25,2.45749999999998,31.7482633383308,155.6895,213.315,10,23.3996666666667,64,19.2523333333334,67,51.2881666666667,20
"62","10297","Colin","Kaepernick","FA*","QB",33,8,"QB","average",168.84,37,22.1441165460182,NA,168.84,168.84,13,-81.4001261659144,346,-72.6324666666667,333,-111.517722973554,380
"63","13277","Kenny","Golladay","DET","WR",27,2,"WR","average",167.3025,5,6.19626141552516,13.3528158703199,159.1135,184.64,4,51.6634444444445,18,58.8415,14,44.0438333333333,25
"64","12171","David","Johnson","ARI","RB",29,4,"RB","average",162.9775,28,4.03250000000003,7.7078331369242,157.675,172.9415,13,14.3696666666667,78,21.2378333333334,63,10.9146666666667,81
"65","11671","Mike","Evans","TBB","WR",27,5,"WR","average",162.235,6,2.6300114155251,20.7960669358415,146.206,187.87,4,46.5959444444444,22,45.934,33,47.2738333333333,23
"66","14080","Devin","Singletary","BUF","RB",23,0,"RB","average",160.9275,29,4.68925000000002,36.938986067117,133.4365,207.59,13,12.3196666666667,83,-3.00066666666666,119,45.5631666666667,24
"67","11938","Adam","Thielen","MIN","WR",30,5,"WR","average",159.97747716895,7,1.44747716894977,8.73300826367027,151.587,169.19,4,44.3384216133942,25,51.315,25,28.5938333333333,46
"68","13163","Chris","Godwin","TBB","WR",24,2,"WR","average",159.2325,8,2.27124999999998,8.93207096180201,153,170.9945,4,43.5934444444444,26,52.728,21,30.3983333333333,40
"69","12175","Amari","Cooper","DAL","WR",26,4,"WR","average",157.8275,9,2.84666666666666,9.74455531737254,151.9915,170.48,4,42.1884444444445,28,51.7195,23,29.8838333333333,41
"70","13146","James","Conner","PIT","RB",25,2,"RB","average",156.9625,30,2.4555,7.92121360651257,152.2475,167,13,8.35466666666667,85,15.8103333333333,73,4.97316666666669,91
"71","11679","Odell","Beckham","CLE","WR",28,5,"WR","average",156.095,10,2.6866666666667,12.6781334062498,147.381,172.045,4,40.4559444444445,29,47.109,31,31.4488333333333,38
"72","11192","Le'Veon","Bell","NYJ","RB",28,6,"RB","average",155.514,31,2.214,32.5731082336335,114.36,182.22,12,6.90616666666668,88,-22.0771666666666,200,20.1931666666667,63
"73","14104","A.J.","Brown","TEN","WR",23,0,"WR","average",153.866666666667,11,0.950416666666655,5.78388566046506,150.34,160.6,4,38.2276111111111,31,50.068,27,20.0038333333333,65
"74","13630","Courtland","Sutton","DEN","WR",25,1,"WR","average",152.95,12,0.366250000000008,22.6944949271844,141.58,181.397,4,37.3109444444445,32,41.308,37,40.8008333333333,29
"75","13156","JuJu","Smith-Schuster","PIT","WR",24,2,"WR","average",152.8825,13,0.643999999999977,8.89837438337287,147.931,164.765,4,37.2434444444444,34,47.659,29,24.1688333333333,53
"76","13164","Cooper","Kupp","LAR","WR",27,2,"WR","average",152.285,14,0.76400000000001,12.9352232296161,139.62,166.86,4,36.6459444444445,35,39.348,43,26.2638333333333,50
"77","11232","DeAndre","Hopkins","HOU","WR",28,6,"WR","average",152.192,15,1.45075,37.4371844560993,103.3,181.68,4,36.5529444444444,36,3.02799999999998,99,41.0838333333333,28
"78","13629","Calvin","Ridley","ATL","WR",26,1,"WR","average",150.85,16,0.329812091503243,11.4360424390025,142.956,165.24,4,35.2109444444444,39,42.684,36,24.6438333333333,52
"79","12187","Tyler","Lockett","SEA","WR",28,4,"WR","average",150.6325,17,1.25647875816995,7.78191653771743,144.9605,159.635,4,34.9934444444445,41,44.6885,34,19.0388333333333,67
"80","13635","D.J.","Moore","CAR","WR",23,1,"WR","average",150.407875816993,18,3.11954248366013,9.88672299938997,144.6725,163.765,4,34.7688202614379,42,44.4005,35,23.1688333333333,56
"81","14058","Dwayne","Haskins","WAS","QB",23,0,"QB","average",150.111766907964,38,7.45176690796356,33.279434682402,121.854,191.155007487076,13,-100.128359257951,370,-119.618466666667,438,-89.202715486478,345
"82","13299","George","Kittle","SFO","TE",27,2,"TE","average",150.030453085915,1,13.9690227440917,5.73088176901992,145.45,156.748540492109,1,58.5115815459528,13,63.7903098614178,13,49.4115714914817,21
"83","10276","Mark","Ingram","BAL","RB",31,8,"RB","average",149.376,34,1.15225000000001,14.5978587470903,131.356,160.52,14,0.768166666666673,103,-5.08116666666666,125,-1.5068333333333,112
"84","10708","Lamar","Miller","HOU","RB",29,7,"RB","average",148.6,35,1.34250000000003,NA,148.6,148.6,14,-0.00783333333330916,106,12.1628333333334,82,-13.4268333333333,149
"85","11678","Allen","Robinson","CHI","WR",27,5,"WR","average",148.344166666667,19,3.65791666666664,14.3947617787397,140.06,167.025,4,32.7051111111111,46,39.788,41,26.4288333333333,49
"86","14071","David","Montgomery","CHI","RB",23,0,"RB","average",147.8475,36,3.61374999999998,2.80737570220541,149.2285,154.67,14,-0.760333333333335,107,12.7913333333333,81,-7.35683333333333,129
"87","12447","Raheem","Mostert","SFO","RB",28,4,"RB","average",146.6675,37,8.73000000000002,14.3089910545782,134.075,164.1955,14,-1.94033333333331,111,-2.36216666666667,115,2.16866666666667,97
"88","12176","DeVante","Parker","MIA","WR",27,4,"WR","average",146.2325,20,3.19749999999999,13.6731205289795,133.9095,162.66,4,30.5934444444445,47,33.6375,48,22.0638333333333,58
"89","11244","Travis","Kelce","KCC","TE",31,6,"TE","average",143.357984124555,2,18.6432249123393,44.1737593574439,85.02,173.255936498219,1,51.8391125845931,16,3.36030986141779,98,65.9189674975916,13
"90","11154","E.J.","Manuel","FA","QB",30,6,"QB","average",143.28,39,1.70350260162573,NA,143.28,143.28,14,-106.960126165914,376,-98.1924666666667,378,-137.077722973554,413
"91","14109","Terry","McLaurin","WAS","WR",24,0,"WR","average",143.14,21,0.458333333333343,13.1561734558343,132.484,159.615,4,27.5009444444445,55,32.212,50,19.0188333333333,68
"92","10261","A.J.","Green","CIN","WR",32,8,"WR","average",142.93,22,0.903333333333336,21.5470415602699,130.43,173.36,4,27.2909444444444,56,30.158,54,32.7638333333333,36
"93","14102","DK","Metcalf","SEA","WR",23,0,"WR","average",142.433333333333,23,1.68733333333333,27.4124667502458,128.59,174.76,4,26.7942777777778,58,28.318,58,34.1638333333333,35
"94","11201","Eddie","Lacy","FA","RB",30,6,"RB","average",141.8,38,8.51250000000002,NA,141.8,141.8,14,-6.80783333333332,134,5.36283333333336,94,-20.2268333333333,168
"95","14136","Deebo","Samuel","SFO","WR",24,0,"WR","average",141.62,24,2.30788461538461,16.4692319189451,131.542,162.98,4,25.9809444444444,60,31.27,52,22.3838333333333,57
"96","10413","Tyrod","Taylor","LAC","QB",31,8,"QB","average",141.112994796749,41,12.8511375405783,51.8290631865172,88.1189823089451,195.156,13,-109.127131369166,381,-153.353484357722,499,-85.2017229735541,331
"97","10729","T.Y.","Hilton","IND","WR",31,7,"WR","average",139.872,25,2.41338461538464,11.2609067130494,127.122,152.28,4,24.2329444444445,61,26.85,61,11.6838333333333,77
"98","11228","Robert","Woods","LAR","WR",28,6,"WR","average",138.752230769231,26,2.9468141025641,37.9973356960722,85.652,160.8,4,23.1131752136752,66,-14.62,170,20.2038333333333,62
"99","10699","Nick","Foles","JAC","QB",31,7,"QB","average",136.588291274337,42,19.5455796553345,59.1071728458771,69.836,203.845165097346,13,-113.651834891578,395,-171.636466666667,501,-76.512557876208,310
"100","13668","D.J.","Chark","JAC","WR",24,1,"WR","average",136.165,27,1.21083333333331,19.6894108596474,120.68,160.161,4,20.5259444444444,69,20.408,65,19.5648333333333,66
"101","11680","Jarvis","Landry","CLE","WR",28,5,"WR","average",135.445833333333,28,1.22083333333333,4.89132565534812,130.349,140.655,4,19.8067777777778,70,30.077,55,0.0588333333333253,105
"102","12186","Stefon","Diggs","MIN","WR",27,4,"WR","average",134.4625,29,2.12,10.5760243790692,130.0225,149.135,4,18.8234444444444,71,29.7505,57,8.53883333333332,86
"103","13606","Ronald","Jones","TBB","RB",23,1,"RB","average",134.075,39,2.06374999999997,23.5467442901703,116.455,164.24,14,-14.5328333333333,163,-19.9821666666667,188,2.21316666666669,96
"104","14105","Marquise","Brown","BAL","WR",23,0,"WR","average",133.9875,30,4.332552259887,20.1713261834714,111.134,150.52,4,18.3484444444445,73,10.862,84,9.92383333333331,84
"105","13605","Derrius","Guice","WAS","RB",23,1,"RB","average",131.5225,41,0.572499999999991,23.1262626682307,114.6835,161.365,15,-17.0853333333333,175,-21.7536666666667,195,-0.661833333333334,106
"106","10077","Chris","Ivory","FA","RB",32,9,"RB","average",131.1,42,2.15000000000001,NA,131.1,131.1,16,-17.5078333333333,180,-5.33716666666663,128,-30.9268333333333,212
"107","12956","Wil","Lutz","NOS","K",26,3,"K","average",130.869757053292,1,2.98225569240445,34.0986434660457,101.147037617555,163.2165,1,21.8799347831766,67,17.4377318094741,70,23.79355,54
"108","10302","DeMarco","Murray","FA","RB",32,8,"RB","average",130.8,43,4.03625000000001,NA,130.8,130.8,17,-17.8078333333333,181,-5.63716666666664,129,-31.2268333333333,213
"109","13646","Michael","Gallup","DAL","WR",24,1,"WR","average",130.6975,31,5.99546892655366,7.60754176240043,123.425,139.3935,4,15.0584444444444,77,23.153,62,-1.20266666666666,111
"110","13354","Harrison","Butker","KCC","K",25,2,"K","average",130.541531754032,2,9.81698937360957,43.0038957219349,93.6755418346774,174.0366,1,21.5517094839173,68,9.9662360265966,85,34.61365,34
"111","13671","Mark","Andrews","BAL","TE",24,1,"TE","average",128.764876559091,3,8.18125555482968,7.0972086305289,122.095,136.923580300909,1,37.2460050191292,33,40.4353098614178,39,29.5866113002814,42
"112","11222","Keenan","Allen","LAC","WR",28,6,"WR","average",128.612395480226,32,8.77525895540332,36.014543173557,80.068,151.68,4,12.9733399246705,81,-20.204,190,11.0838333333333,79
"113","13607","Sony","Michel","NEP","RB",25,1,"RB","average",126.4275,45,2.53449999999999,11.5818547017882,116.0015,137.62,17,-22.1803333333333,200,-20.4356666666666,192,-24.4068333333333,191
"114","10976","Justin","Tucker","BAL","K",31,7,"K","average",125.233470967742,3,9.44439863909145,35.3990225056963,94.9149032258064,166.8076,1,16.243648697627,75,11.2055974177256,83,27.38465,48
"115","0530","San Francisco","49ers","SFO","DST",NA,49,"DST","average",124.8,1,4.72499999999999,8.76812408671319,119.22,130.38,1,5.91666666666666,91,6.26000000000001,91,0.326666666666654,104
"116","13138","Kareem","Hunt","CLE","RB",25,2,"RB","average",124.78,46,3.93575,12.6085724806577,113.788,139.875,18,-23.8278333333333,209,-22.6491666666666,204,-22.1518333333333,180
"117","8658","Adrian","Peterson","WAS","RB",35,12,"RB","average",123.006,47,6.17849999999999,82.4693972331555,75.824,237.36,18,-25.6018333333333,213,-60.6131666666667,291,75.3331666666666,10
"118","0504","New England","Patriots","NEP","DST",NA,49,"DST","average",123,2,6.175,8.48528137423857,116.6,127.4,2,4.11666666666666,98,3.64,97,-2.65333333333334,120
"119","11674","Brandin","Cooks","LAR","WR",27,5,"WR","average",120.791666666667,33,3.00036347517731,9.11172687621104,114.456,132.095,5,5.15261111111111,92,14.184,77,-8.50116666666668,135
"120","11247","Zach","Ertz","PHI","TE",30,6,"TE","average",120.66464186534,4,5.85809514339044,25.7993967729238,87.778,144.86656746136,1,29.1457703253784,49,6.11830986141779,93,37.5295984607326,31
"121","12263","Darren","Waller","OAK","TE",28,4,"TE","average",120.502600143182,5,12.1318378670556,6.34026714453787,115.0345,127.502060085909,1,28.9837286032207,50,33.3748098614178,49,20.1650910852817,64
"122","8062","Ryan","Fitzpatrick","MIA","QB",38,14,"QB","average",119.935423238004,43,24.5004232380041,74.121612128953,40.724,212.345692952016,13,-130.30470292791,445,-200.748466666667,505,-68.0120300215378,290
"123","12647","Will","Fuller","HOU","WR",26,3,"WR","average",118.882606382979,34,2.45552304964538,27.0692203741938,97.3185,151.82,5,3.24355082742316,100,-2.95350000000001,118,11.2238333333333,78
"124","12152","Tevin","Coleman","SFO","RB",27,4,"RB","average",118.6825,48,4.08499999999999,11.275691774787,109.3545,133.045,18,-29.9253333333333,222,-27.0826666666667,218,-28.9818333333333,206
"125","0532","Houston","Texans","HOU","DST",NA,49,"DST","average",117.15,3,1.5,26.6579256507328,100.185,134.115,3,-1.73333333333333,110,-12.775,155,4.06166666666664,92
"126","14122","Darius","Slayton","NYG","WR",23,0,"WR","average",116.7,35,1.59141666666666,24.4521812251314,95.955,145.98,5,1.06094444444444,102,-4.31700000000001,124,5.38383333333331,89
"127","0515","Seattle","Seahawks","SEA","DST",NA,49,"DST","average",116.5,4,1.925,17.6776695296637,105.25,127.75,3,-2.38333333333334,113,-7.70999999999999,141,-2.30333333333334,117
"128","10868","Greg","Zuerlein","LAR","K",33,7,"K","average",116.215613793103,4,1.62709836100467,34.887346003485,89.8775431034483,158.2132,1,7.2257915229885,86,6.16823729536746,92,18.79025,69
"129","14208","Diontae","Johnson","PIT","WR",24,0,"WR","average",116.154166666667,36,2.10023611111113,15.3383647542146,104.027,134.35,5,0.515111111111125,105,3.755,96,-6.24616666666668,126
"130","11936","Chris","Boswell","PIT","K",31,5,"K","average",115.362530864198,5,1.57501836419755,31.5206205104527,84.4828333333333,138.6245,1,6.3727085940826,89,0.773527525252533,102,-0.798449999999974,107
"131","13234","Marlon","Mack","IND","RB",24,2,"RB","average",114.9725,49,1.0325,11.7248322660355,103.445,126.7565,18,-33.6353333333333,228,-32.9921666666667,228,-35.2703333333333,228
"132","0506","Cincinnati","Bengals","CIN","DST",NA,49,"DST","average",114.8,5,0.550000000000011,27.86000717875,96.57,132.03,4,-4.08333333333333,120,-16.39,177,1.97666666666666,99
"133","0531","Baltimore","Ravens","BAL","DST",NA,49,"DST","average",114.35,6,0.599999999999994,4.45477272147526,111.015,116.685,4,-4.53333333333335,126,-1.94500000000001,112,-13.3683333333333,148
"134","13612","Kerryon","Johnson","DET","RB",23,1,"RB","average",114.2225,50,0.943750000000009,16.8060016561545,96.305,127.6815,18,-34.3853333333333,230,-40.1321666666667,243,-34.3453333333333,224
"135","0528","Los Angeles","Rams","LAR","DST",NA,49,"DST","average",114.15,7,1.75,3.74766594028871,111.265,116.035,4,-4.73333333333333,127,-1.69499999999999,111,-14.0183333333333,151
"136","9064","Joe","Flacco","DEN","QB",35,11,"QB","average",114.15,44,38.9756666666667,150.260191002141,18.525,209.775,15,-136.090126165914,453,-222.947466666667,509,-70.5827229735541,293
"137","9831","Golden","Tate","NYG","WR",32,9,"WR","average",114.063,37,1.22306944444443,13.7292141071512,96.812,127.42,5,-1.57605555555556,108,-3.46000000000001,121,-13.1761666666667,147
"138","11783","John","Brown","BUF","WR",30,5,"WR","average",114.044861111111,38,2.4523611111111,10.0652318237916,106.6505,126.945,5,-1.59419444444444,109,6.37849999999999,90,-13.6511666666667,150
"139","14600","Joey","Slye","CAR","K",24,0,"K","average",113.8145,6,3.57351659482758,3.98030407129907,111.28145,116.34755,1,4.82467772988505,94,27.5721441919192,59,-23.0754,185
"140","14244","Matt","Gay","TBB","K",26,0,"K","average",113.760525,7,7.1560540948276,25.0158056057066,91.423335,138.53795,1,4.77070272988506,95,7.7140291919192,89,-0.884999999999991,109
"141","11886","Damien","Williams","KCC","RB",28,5,"RB","average",113.6575,51,0.97375000000001,14.6693634831236,99.5245,130.45,18,-34.9503333333333,231,-36.9126666666667,236,-31.5768333333333,214
"142","0510","Pittsburgh","Steelers","PIT","DST",NA,49,"DST","average",113.35,8,2.97500000000001,13.930003589375,103.985,121.715,4,-5.53333333333333,130,-8.97499999999999,144,-8.33833333333334,134
"143","13378","Matt","Breida","SFO","RB",25,2,"RB","average",112.4675,53,3.16249999999999,8.41925719209638,107.8295,124.96,19,-36.1403333333333,236,-28.6076666666666,220,-37.0668333333333,232
"144","12650","Tyler","Boyd","CIN","WR",26,3,"WR","average",111.635,39,0.120000000000005,18.1761492071341,94.34,132.664,5,-4.00405555555554,119,-5.932,130,-7.93216666666666,131
"145","9918","Emmanuel","Sanders","SFO","WR",33,9,"WR","average",111.55,40,0.441755102040815,17.9771098900797,100.846,136.52,5,-4.08905555555555,121,0.573999999999998,104,-4.07616666666669,123
"146","13633","Christian","Kirk","ARI","WR",24,1,"WR","average",111.48,41,1.25300510204082,2.75540680602097,109.792,115.61,5,-4.15905555555555,122,9.52,86,-24.9861666666667,192
"147","0523","Green Bay","Packers","GBP","DST",NA,49,"DST","average",111.45,9,2.19999999999999,14.2128463018496,101.905,119.995,5,-7.43333333333335,137,-11.055,151,-10.0583333333334,141
"148","9662","Julian","Edelman","NEP","WR",34,10,"WR","average",110.736489795918,42,1.56823979591837,24.0576116852858,78.48,129.24,5,-4.90256575963718,128,-21.792,196,-11.3561666666667,144
"149","12658","Sterling","Shepard","NYG","WR",27,3,"WR","average",109.7175,43,1.17755962059621,10.9767584012768,101.005,123.5355,5,-5.92155555555556,131,0.73299999999999,103,-17.0606666666667,160
"150","11747","James","White","NEP","RB",28,5,"RB","average",109.475,54,1.05875,23.213124879401,87.57,136.325,19,-39.1328333333333,240,-48.8671666666667,260,-25.7018333333333,196
"151","0521","Chicago","Bears","CHI","DST",NA,49,"DST","average",109.3,10,1.27499999999999,17.2534054609518,97.82,119.78,6,-9.58333333333334,146,-15.14,173,-10.2733333333334,142
"152","0524","Minnesota","Vikings","MIN","DST",NA,49,"DST","average",109.2,11,3.85000000000001,3.81837661840736,106.27,111.13,6,-9.68333333333334,148,-6.69,136,-18.9233333333333,166
"153","12634","Jordan","Howard","PHI","RB",26,3,"RB","average",109.135,55,2.75375,11.8884425669079,101.345,125.011,19,-39.4728333333333,241,-35.0921666666667,232,-37.0158333333333,231
"154","12678","Tyler","Higbee","LAR","TE",27,3,"TE","average",109.110493300717,6,3.14515205078803,20.1929277643783,97.3255,134.790177222437,1,17.5916217607552,74,15.6658098614178,75,27.4532082218097,47
"155","10738","Marvin","Jones","DET","WR",30,7,"WR","average",108.619,44,0.774809620596201,37.7855273881416,58.28,138.54,5,-7.02005555555556,135,-41.992,251,-2.05616666666668,114
"156","13154","Mike","Williams","LAC","WR",26,2,"WR","average",108.460880758808,45,1.34713075880758,9.70270881420923,98.965,118.7755,5,-7.17817479674797,136,-1.307,108,-21.8206666666667,175
"157","11390","Latavius","Murray","NOS","RB",30,6,"RB","average",107.6975,56,4.72750000000001,9.09016088966526,100.3735,117.91,19,-40.9103333333333,243,-36.0636666666666,234,-44.1168333333333,243
"158","9474","Jared","Cook","NOS","TE",33,10,"TE","average",107.631031251537,7,5.04000922380276,7.07960786410035,102.848,118.299031251537,2,16.1121597115749,76,21.1883098614178,64,10.9620622509088,80
"159","11670","Sammy","Watkins","KCC","WR",27,5,"WR","average",107.2275,46,0.545285087719307,10.6666958332935,97.829,118.145,5,-8.41155555555555,140,-2.443,116,-22.4511666666667,182
"160","12184","Jamison","Crowder","NYJ","WR",27,4,"WR","average",107,47,1.15278508771929,8.53736883745025,98.635,116.415,5,-8.63905555555556,141,-1.63700000000001,110,-24.1811666666667,190
"161","0525","Tampa Bay","Buccaneers","TBB","DST",NA,49,"DST","average",106.85,12,3.02500000000001,0.212132034355962,106.715,106.985,7,-12.0333333333333,158,-6.24499999999999,133,-23.0683333333333,184
"162","11947","Brandon","McManus","DEN","K",29,5,"K","average",106.721441810345,8,0.479285358731929,30.7888566820694,81.630911637931,141.1064,1,-2.26838045977011,112,-2.07839417014978,114,1.68344999999999,101
"163","12437","Jason","Myers","SEA","K",29,5,"K","average",106.4875,9,0.611235789766411,25.2530582768372,84.16065,130.17935,1,-2.50232227011495,114,0.451344191919191,105,-9.24359999999999,138
"164","13639","Anthony","Miller","CHI","WR",26,1,"WR","average",106.364429824561,48,1.24442982456141,14.8703740706144,94.0765,124.495,5,-9.27462573099415,144,-6.19550000000001,132,-16.1011666666667,155
"165","8153","Robbie","Gould","SFO","K",38,14,"K","average",105.996812903226,10,0.440376440901403,37.216038848353,78.4967741935484,146.9052,1,-2.99300936688914,115,-5.21253161453242,127,7.48225000000002,87
"166","13403","Younghoe","Koo","ATL","K",26,2,"K","average",105.755715517241,11,0.453687912438781,37.5372619458888,72.9841379310345,141.52205,1,-3.23410675287356,116,-10.7251678770463,148,2.09910000000002,98
"167","13303","Jake","Elliott","PHI","K",25,2,"K","average",105.357157407407,12,1.61587474007476,32.7744041082346,75.9048796296296,137.25565,1,-3.63266486270753,117,-7.80442617845118,142,-2.16729999999998,115
"168","14126","Preston","Williams","MIA","WR",23,0,"WR","average",105.33,49,1.05754545454545,17.223596943341,93.1275,127.92,5,-10.3090555555556,151,-7.14450000000001,139,-12.6761666666667,146
"169","8930","Matt","Prater","DET","K",36,13,"K","average",105.246897802198,13,3.80631635077884,25.7380843572159,82.3500494505495,135.3342,1,-3.74292446791715,118,-1.35925635753135,109,-4.08874999999998,124
"170","13614","Phillip","Lindsay","DEN","RB",26,1,"RB","average",105.065,57,5.62750000000001,6.41089437338244,99.74,111.879,20,-43.5428333333333,251,-36.6971666666666,235,-50.1478333333333,257
"171","12197","Breshad","Perriman","TBB","WR",27,4,"WR","average",104.91,50,2.09254545454546,21.3829114013971,84.436,128.995,5,-10.7290555555555,153,-15.836,175,-11.6011666666667,145
"172","13189","Evan","Engram","NYG","TE",26,2,"TE","average",104.299651248321,8,5.06863690618482,8.48087803919801,95.681,113.189814244292,2,12.7807797083595,82,14.0213098614178,78,5.85284524366425,88
"173","0505","New York","Jets","NYJ","DST",NA,49,"DST","average",103.85,13,0.174999999999997,6.5760930650349,99.165,107.535,8,-15.0333333333333,164,-13.795,162,-22.5183333333333,183
"174","0512","Kansas City","Chiefs","KCC","DST",NA,49,"DST","average",103.8,14,0.75,6.78822509939085,99.48,108.12,8,-15.0833333333333,165,-13.48,160,-21.9333333333334,177
"175","9075","DeSean","Jackson","PHI","WR",34,11,"WR","average",103.634909090909,51,2.45459025032937,16.8363826281063,87.4,123.8,5,-12.0041464646465,157,-12.872,156,-16.7961666666667,159
"176","0527","Carolina","Panthers","CAR","DST",NA,49,"DST","average",103.55,15,1.175,0.636396103067887,102.145,102.955,9,-15.3333333333333,168,-10.815,149,-27.0983333333333,198
"177","0516","Dallas","Cowboys","DAL","DST",NA,49,"DST","average",102.55,16,0.725000000000009,6.29325035256028,98.545,106.555,9,-16.3333333333333,172,-14.415,169,-23.4983333333333,187
"178","8742","Mason","Crosby","GBP","K",36,12,"K","average",102.235667532468,14,2.02494148189773,26.9435173236359,80.3563116883117,137.1552,1,-6.75415473764741,133,-3.35299411976914,120,-2.26774999999998,116
"179","0529","New Orleans","Saints","NOS","DST",NA,49,"DST","average",102.2,17,0.950000000000003,9.47523086789974,95.67,107.73,10,-16.6833333333333,174,-17.29,180,-22.3233333333333,181
"180","14613","Steven","Sims","WAS","WR",23,0,"WR","average",102,52,1.68718115942028,28.9913780286484,85.05,121.95,5,-13.6390555555556,162,-15.222,174,-18.6461666666667,165
"181","0526","Atlanta","Falcons","ATL","DST",NA,49,"DST","average",101.45,18,0.524999999999991,17.7483802077823,90.155,112.745,10,-17.4333333333334,178,-22.805,205,-17.3083333333333,161
"182","0511","Denver","Broncos","DEN","DST",NA,49,"DST","average",101.05,19,0.375,2.19203102167829,99.155,101.945,11,-17.8333333333333,182,-13.805,163,-28.1083333333333,200
"183","9902","Rob","Gronkowski","FA*","TE",31,9,"TE","average",100.882392807146,9,3.95582394734164,10.3337085755312,94.996,116.48,2,9.36352126718475,84,13.3363098614178,80,9.14303099937224,85
"184","13290","Tarik","Cohen","CHI","RB",25,2,"RB","average",100.875,58,2.97499999999999,9.02311845575944,96.195,114.005,20,-47.7328333333333,258,-40.2421666666667,244,-48.0218333333333,250
"185","0520","Washington","Redskins","WAS","DST",NA,49,"DST","average",100.8,20,0.475000000000009,1.13137084989847,100.08,101.52,12,-18.0833333333333,183,-12.88,157,-28.5333333333333,204
"186","14258","Austin","Seibert","CLE","K",24,0,"K","average",100.64549537037,15,0.924090868622116,26.6890164978779,77.2180601851852,124.9308,1,-8.34432689974457,139,-6.49124562289563,135,-14.49215,153
"187","0507","Cleveland","Browns","CLE","DST",NA,49,"DST","average",100.55,21,0.575000000000003,2.89913780286485,98.205,101.895,13,-18.3333333333333,185,-14.755,172,-28.1583333333333,201
"188","10722","Alshon","Jeffery","PHI","WR",30,7,"WR","average",100.360637681159,53,0.408137681159431,20.4635040987608,79.9,124.48,5,-15.2784178743961,166,-20.372,191,-16.1161666666667,156
"189","12930","Robby","Anderson","NYJ","WR",27,3,"WR","average",100.265,54,0.814000000000007,18.5438965700308,82.028,121.225,5,-15.3740555555556,169,-18.244,184,-19.3711666666667,167
"190","0518","Philadelphia","Eagles","PHI","DST",NA,49,"DST","average",100.1,22,1.175,13.5764501987817,90.96,108.24,13,-18.7833333333333,186,-22,199,-21.8133333333333,174
"191","0501","Buffalo","Bills","BUF","DST",NA,49,"DST","average",99.85,23,2.19999999999999,11.8086832458153,91.835,106.865,13,-19.0333333333333,187,-21.125,193,-23.1883333333333,186
"192","13980","Mike","Badgley","LAC","K",25,1,"K","average",99.7759567307692,16,0.266503637883858,32.0240772842542,69.8207048076923,129.6134,1,-9.21386553934572,143,-13.8886010003885,165,-9.80955,140
"193","12860","Ka'imi","Fairbairn","HOU","K",26,3,"K","average",99.6668522727273,17,0.909375997295271,20.6204448400451,82.4844340909091,121.8337,1,-9.32296999738767,145,-1.22487171717171,107,-17.58925,163
"194","13632","Allen","Lazard","GBP","WR",25,1,"WR","average",99.64,55,2.15525,21.7111651383952,82.2165,124.67,5,-15.9990555555556,170,-18.0555,183,-15.9261666666667,154
"195","9319","Steven","Hauschka","BUF","K",35,11,"K","average",99.3520539130435,18,1.34713344028707,19.6384593456915,81.7510713043478,122.0824,1,-9.63776835707147,147,-1.958234503733,113,-17.34055,162
"196","7393","Larry","Fitzgerald","ARI","WR",37,15,"WR","average",99.262,56,3.7055,44.7104162360406,72.612,161.64,5,-16.3770555555556,173,-27.66,219,21.0438333333333,60
"197","13347","Zane","Gonzalez","ARI","K",25,2,"K","average",98.1628986378205,19,1.37420109508548,26.834191732888,73.8386117788462,125.18575,1,-10.8269236322944,154,-9.87069402923466,146,-14.2372,152
"198","0522","Detroit","Lions","DET","DST",NA,49,"DST","average",98,24,1.25,5.65685424949238,94.4,101.6,14,-20.8833333333333,194,-18.56,186,-28.4533333333333,203
"199","12417","Josh","Lambo","JAC","K",30,4,"K","average",97.8469423076923,20,4.18937352749907,23.6081808259499,76.6799653846154,118.7816,1,-11.1428799624226,155,-7.02934042346543,138,-20.64135,169
"200","14137","Noah","Fant","DEN","TE",23,0,"TE","average",97.5796358771263,10,2.05521657064129,8.27704144668974,90.5825,106.503261982229,3,6.06076433716453,90,8.92280986141779,88,-0.833707018398513,108
"201","0519","Arizona","Cardinals","ARI","DST",NA,49,"DST","average",97.3,25,1.125,1.83847763108502,96.13,98.47,15,-21.5833333333333,198,-16.83,178,-31.5833333333333,215
"202","12676","Hunter","Henry","LAC","TE",26,3,"TE","average",96.2735018424834,11,2.5627348666892,10.57943946211,86.89360110549,109.1855,3,4.7546303025217,96,5.23391096690783,95,1.84853099937224,100
"203","0514","Los Angeles","Chargers","LAC","DST",NA,49,"DST","average",96.2,26,0.924999999999997,8.20243866176395,90.98,101.42,16,-22.6833333333333,205,-21.98,198,-28.6333333333333,205
"204","0502","Indianapolis","Colts","IND","DST",NA,49,"DST","average",96.15,27,1.84999999999998,12.9400540957138,86.915,103.385,16,-22.7333333333333,206,-26.045,214,-26.6683333333334,197
"205","13909","Brett","Maher","NYJ","K",31,2,"K","average",95.7304527777778,21,4.51472496980678,26.8349332285678,69.9194225,117.2816,1,-13.2593694923372,160,-13.7898833080808,161,-22.14135,178
"206","12157","Duke","Johnson","HOU","RB",27,4,"RB","average",95.7075,61,6.80625000000001,14.3285225453755,81.9695,111.89,20,-52.9003333333333,272,-54.4676666666667,275,-50.1368333333333,256
"207","13157","Curtis","Samuel","CAR","WR",24,2,"WR","average",95.7075,57,0.452750000000009,8.52648178715387,90.3,107.1445,7,-19.9315555555555,189,-9.97199999999999,147,-33.4516666666667,221
"208","10308","Randall","Cobb","DAL","WR",30,8,"WR","average",95.4055,58,0.33475,43.3807916018138,62.894,155.36,7,-20.2335555555556,191,-37.378,237,14.7638333333333,72
"209","9308","Danny","Amendola","DET","WR",35,11,"WR","average",95.104,59,1.05775,32.7493615204938,75.656,141.74,7,-20.5350555555556,192,-24.616,212,1.14383333333333,102
"210","14123","Hunter","Renfrow","OAK","WR",25,0,"WR","average",95.0375,60,4.74249999999999,23.3027314207298,77.6525,124.125,6,-20.6015555555556,193,-22.6195,203,-16.4711666666667,157
"211","12677","Austin","Hooper","ATL","TE",26,3,"TE","average",94.7753367704865,12,4.88469784578714,11.5254427030253,83.676,106.322145019654,3,3.25646523052477,99,2.01630986141778,100,-1.01482398097372,110
"212","0517","New York","Giants","NYG","DST",NA,49,"DST","average",94.4,28,1.95,1.27279220613578,93.09,94.71,17,-24.4833333333333,210,-19.87,187,-35.3433333333333,229
"213","0503","Miami","Dolphins","MIA","DST",NA,49,"DST","average",94.2,29,4.27499999999999,6.0811183182043,89.83,97.57,17,-24.6833333333333,211,-23.13,206,-32.4833333333333,218
"214","12391","Tyrell","Williams","OAK","WR",28,4,"WR","average",93.055,61,6.67875000000001,4.93527101586124,87.101,97.25,7,-22.5840555555556,204,-13.171,159,-43.3461666666667,242
"215","13680","Hayden","Hurst","BAL","TE",27,1,"TE","average",92.646197181102,13,5.54003057708636,11.195137134883,82.5470704157467,104.615,3,1.12732564114026,101,0.887380277164468,101,-2.72196900062777,121
"216","13832","Jason","Sanders","MIA","K",25,1,"K","average",91.5846847826087,22,1.62203232048748,24.9830920911575,69.6115978260869,114.0417,2,-17.4051374875063,177,-14.0977079819939,166,-25.38125,194
"217","10862","Randy","Bullock","CIN","K",31,7,"K","average",90.8467708333333,23,1.84799291831357,23.2898200813734,69.4385833333333,115.884,2,-18.1430514367816,184,-14.2707224747475,168,-23.53895,188
"218","0509","Jacksonville","Jaguars","JAC","DST",NA,49,"DST","average",90.7,30,10.625,14.4249783362056,81.02,99.38,18,-28.1833333333333,218,-31.94,225,-30.6733333333333,211
"219","13814","Boston","Scott","PHI","RB",25,1,"RB","average",90.0925,62,2.4875,9.80495920440263,82.615,103.2405,22,-58.5153333333333,283,-53.8221666666666,274,-58.7863333333333,269
"220","0508","Tennessee","Titans","TEN","DST",NA,49,"DST","average",89.15,31,NA,10.1116269709676,82.715,95.585,18,-29.7333333333333,220,-30.245,222,-34.4683333333333,225
"221","13718","Daniel","Carlson","OAK","K",25,1,"K","average",89.0785340909091,24,0.858677067497709,20.186737762772,71.3037363636364,110.2063,2,-19.9112881792059,188,-12.4055694444444,154,-29.21665,207
"222","13241","Aldrick","Rosas","NYG","K",26,3,"K","average",88.9190217391304,25,2.03435855629876,22.0042840138218,69.0527304347826,111.3611,2,-20.0708005309845,190,-14.6565753732982,171,-28.06185,199
"223","13620","Justin","Jackson","LAC","RB",25,1,"RB","average",87.71,63,0.541250000000019,20.0136178638446,73.666,113.005,22,-60.8978333333333,286,-62.7711666666666,298,-49.0218333333333,251
"224","13153","Corey","Davis","TEN","WR",25,2,"WR","average",87.535,62,4.7775,5.4613696389581,82.8495,94.035,8,-28.1040555555556,217,-17.4225,181,-46.5611666666667,246
"225","10506","Dan","Bailey","MIN","K",32,8,"K","average",87.5206923076923,26,2.9911924370919,24.7090183127593,72.1313076923077,117.499046153846,2,-21.4691299624226,196,-11.5779981157731,152,-21.9239038461538,176
"226","13722","Blake","Jarwin","DAL","TE",26,2,"TE","average",87.1350806682967,14,0.0983502929392728,14.5277072777843,76.46,104.764274272209,3,-4.38379087166503,123,-5.19969013858221,126,-2.57269472841901,118
"227","13672","Mike","Gesicki","MIA","TE",25,1,"TE","average",87.0772525397346,15,0.536679583907869,10.3018511001741,78.756,100.263658635097,4,-4.44161900022716,124,-2.90369013858223,117,-7.07331036553028,128
"228","13193","Jonnu","Smith","TEN","TE",25,2,"TE","average",86.9962082109803,16,1.338256396324,15.2981530886128,75.4695,105.306607917333,3,-4.52266332898142,125,-6.19019013858221,131,-2.03036108329478,113
"229","14223","Alexander","Mattison","MIN","RB",22,0,"RB","average",86.8375,65,1.77124999999999,16.5785189829088,78.6925,108.2,23,-61.7703333333333,289,-57.7446666666666,284,-53.8268333333333,262
"230","13898","Greg","Joseph","TEN","K",26,1,"K","average",86.248634057971,27,7.22855176580666,17.0571151175629,70.7319082125604,104.92505,2,-22.7411882121439,207,-12.9773975955204,158,-34.4979,226
"231","11516","Jack","Doyle","IND","TE",30,6,"TE","average",86.0849377006731,17,2.06346620028708,14.258748411739,77.9975,104.716288182288,3,-5.43393383928866,129,-3.66219013858222,122,-2.62068081833935,119
"232","11695","Eric","Ebron","IND","TE",27,5,"TE","average",85.2309659286395,18,2.98917294437746,12.7021887574959,75.248,99.9522841573744,4,-6.28790561132219,132,-6.41169013858222,134,-7.38468484325341,130
"233","13158","Dede","Westbrook","JAC","WR",27,2,"WR","average",85.2175,63,6.6575,10.906737978577,78.053,99.025,8,-30.4215555555556,223,-22.219,201,-41.5711666666667,239
"234","11193","Giovani","Bernard","CIN","RB",29,6,"RB","average",84.9325,67,2.43375,44.562789690503,59.2645,139.885,24,-63.6753333333333,293,-77.1726666666667,346,-22.1418333333333,179
"235","10303","Shane","Vereen","FA","RB",31,8,"RB","average",82.9,68,2.76750000000001,NA,82.9,82.9,25,-65.7078333333333,297,-53.5371666666666,273,-79.1268333333333,319
"236","14138","T.J.","Hockenson","DET","TE",23,0,"TE","average",82.8119770721324,19,1.20536766799871,12.2208980815919,74.32,96.2223380947576,4,-8.70689446782927,142,-7.33969013858221,140,-11.1146309058701,143
"237","13719","Eddy","Pineiro","CHI","K",25,1,"K","average",82.8103656832298,28,30.0954662326804,23.5803051002631,61.2263215838509,107.7236,2,-26.1794565868851,215,-22.4829842242299,202,-31.69935,216
"238","13726","Chase","Edmonds","ARI","RB",24,1,"RB","average",82.0975,69,4.17249999999999,10.9036091119714,73.3065,94.265,24,-66.5103333333333,300,-63.1306666666667,300,-67.7618333333333,289
"239","13679","Chris","Herndon","NYJ","TE",24,1,"TE","average",81.6716088963917,20,0.420269706672457,7.70399933489706,74.7485,90.646465337835,4,-9.84726264357003,149,-6.91119013858223,137,-16.6905036627928,158
"240","13678","Ian","Thomas","CAR","TE",24,1,"TE","average",81.5416099118758,21,1.09281522739033,15.3670574119782,67.806,97.9454737003777,4,-9.97726162808593,150,-13.8536901385822,164,-9.39149530025006,139
"241","13674","Dallas","Goedert","PHI","TE",26,1,"TE","average",80.9610684675627,22,1.53278652483998,15.6552083708996,70.6245,101.382132789713,4,-10.5578030723991,152,-11.0351901385822,150,-5.95483621091479,125
"242","14113","Mecole","Hardman","KCC","WR",22,0,"WR","average",80.2975,64,4.72875000000001,19.524241982725,59.7135,99.69,8,-35.3415555555556,233,-40.5585,246,-40.9061666666667,238
"243","10312","Kyle","Rudolph","MIN","TE",31,8,"TE","average",79.9365209014083,23,2.35908895590188,15.2059837686135,65.506,99.0805209014083,4,-11.5823506385535,156,-16.1536901385822,176,-8.25644809921948,133
"244","9925","Jimmy","Graham","GBP","TE",34,9,"TE","average",78.9200429840371,24,5.97998505567747,52.1936641731696,51.7,149.616042984037,4,-12.5988285559246,159,-29.9596901385822,221,42.2790739834093,26
"245","13139","Jamaal","Williams","GBP","RB",25,2,"RB","average",78.1675,70,1.25750000000001,16.5560127546862,69.4155,99.515,25,-70.4403333333333,308,-67.0216666666666,310,-62.5118333333333,279
"246","7877","Frank","Gore","BUF","RB",37,14,"RB","average",77.6825,71,1.84125,63.3859229245737,43.3605,155.43,25,-70.9253333333333,310,-93.0766666666667,367,-6.59683333333336,127
"247","13631","James","Washington","PIT","WR",24,1,"WR","average",76.8225,65,2.76068181818182,35.4744230631968,47.875,119.4785,8,-38.8165555555556,239,-52.397,269,-21.1176666666667,170
"248","10500","Terrelle","Pryor","FA","WR",31,8,"QB","average",76.72,45,3.40016666666666,NA,76.72,76.72,16,-173.520126165914,505,-164.752466666667,500,-203.637722973554,511
"249","8687","Greg","Olsen","CAR","TE",35,12,"TE","average",76.2348209069757,25,6.90891949361934,17.3909472723318,60.3552836279028,99.22,4,-15.284050632986,167,-21.3044065106794,194,-8.11696900062776,132
"250","14087","Darrell","Henderson","LAR","RB",23,0,"RB","average",76.1375,72,1.27666666666667,26.757751992024,48.215,102.8075,26,-72.4703333333333,315,-88.2221666666667,360,-59.2193333333333,273
"251","14085","Tony","Pollard","DAL","RB",23,0,"RB","average",75.545,73,1.95666666666666,21.3474807256813,60.175,102.837,26,-73.0628333333333,318,-76.2621666666667,344,-59.1898333333333,272
"252","11387","Dustin","Hopkins","WAS","K",30,6,"K","average",75.2297989010989,29,NA,40.6118040005852,23.1019230769231,113.8302,2,-33.760023369016,229,-60.6073827311577,290,-25.59275,195
"253","12257","Chris","Conley","JAC","WR",28,4,"WR","average",74.315,66,0.753181818181815,12.3364324934994,65.965,90.114,9,-41.3240555555556,244,-34.307,230,-50.4821666666667,258
"254","12912","Jalen","Richard","OAK","RB",27,3,"RB","average",74.1766666666667,74,2.37666666666667,12.0189905288811,65.782,87.31,26,-74.4311666666667,321,-70.6551666666666,320,-74.7168333333333,308
"255","11890","Albert","Wilson","MIA","WR",28,5,"WR","average",73.8086363636364,67,0.934136363636355,18.5748037226059,57.81,95.3,8,-41.8304191919192,246,-42.462,253,-45.2961666666667,245
"256","7480","Matt","Schaub","ATL","QB",39,15,"QB","average",73.6286666666667,46,4.5645,115.428688744754,5.9434,187.378,16,-176.611459499248,506,-235.529066666667,529,-92.9797229735541,359
"257","13168","Josh","Reynolds","LAR","WR",25,2,"WR","average",73.315,68,1.56199999999998,13.0857110365976,62.185,84.955,9,-42.3240555555556,248,-38.087,238,-55.6411666666667,266
"258","10696","Robert","Griffin III","BAL","QB",30,7,"QB","average",73.011,47,8.75883333333334,128.959616562705,7.8144,228.036,16,-177.229126165914,507,-233.658066666667,520,-52.3217229735542,260
"259","11227","Kenny","Stills","HOU","WR",28,6,"WR","average",72.434,69,1.68673931623933,23.1250487567054,48.924,101.38,9,-43.2050555555555,249,-51.348,266,-39.2161666666667,234
"260","10973","Cole","Beasley","BUF","WR",31,7,"WR","average",71.072,70,2.51823931623932,27.2187016589697,36.072,93.3,8,-44.5670555555556,254,-64.2,302,-47.2961666666667,247
"261","0513","Oakland","Raiders","OAK","DST",NA,49,"DST","average",71,32,NA,NA,71,71,19,-47.8833333333333,259,-41.96,250,-59.0533333333333,271
"262","13622","Nyheim","Hines","IND","RB",24,1,"RB","average",70.4325,77,1.0325,8.1646733962031,65.1095,80.97,26,-78.1753333333333,339,-71.3276666666667,325,-81.0568333333333,326
"263","14101","N'Keal","Harry","NEP","WR",23,0,"WR","average",70.4225213675214,71,5.47668803418803,14.3348200779315,53.3,81.784,9,-45.2165341880342,255,-46.972,256,-58.8121666666667,270
"264","14143","Dawson","Knox","BUF","TE",24,0,"TE","average",69.6452949497435,26,0.660010927131907,13.4274624636368,59.841,85.8300028291279,5,-21.8735765902182,199,-21.8186901385822,197,-21.5069661714998,171
"265","13608","Rashaad","Penny","SEA","RB",24,1,"RB","average",69.3,79,4.679,16.232554738344,51.49,84.515,26,-79.3078333333333,344,-84.9471666666666,356,-77.5118333333333,314
"266","14140","Jace","Sternberger","GBP","TE",24,0,"TE","average",69.0065078769692,27,2.96002029463097,7.37336971897865,63.395,76.9571267816954,5,-22.5123636629925,202,-18.2646901385822,185,-30.3798422189323,210
"267","11250","Tyler","Eifert","CIN","TE",30,6,"TE","average",68.964060168254,28,6.59774693012972,13.1182290376119,55.884,85.638060168254,5,-22.5548113717078,203,-25.7756901385822,213,-21.6989088323738,172
"268","13634","Dante","Pettis","SFO","WR",25,1,"WR","average",66.685,72,3.855,45.0639151650187,38.0565,95.4135,6,-48.9540555555556,262,-62.2155,295,-45.1826666666667,244
"269","13115","Mitchell","Trubisky","CHI","QB",26,2,"QB","average",65.1173333333333,48,9.88383333333334,20.1492655283842,52.0572,85.3932,16,-185.122792832581,508,-189.415266666667,503,-194.964522973554,510
"270","11182","Rex","Burkhead","NEP","RB",30,6,"RB","average",63.542,81,1.042,22.3698104596351,36.98,87.36,26,-85.0658333333333,350,-99.4571666666667,389,-74.6668333333333,307
"271","10313","Andy","Dalton","CIN","QB",33,8,"QB","average",63.387,49,18.007,112.908786383818,4.5392,199.438,16,-186.853126165914,509,-236.933266666667,532,-80.9197229735541,325
"272","13155","John","Ross","CIN","WR",25,2,"WR","average",63.2066666666667,73,0.897500000000001,6.05116793134461,59.417,69.947,11,-52.4323888888889,271,-40.855,248,-70.6491666666667,295
"273","14141","Irv","Smith Jr.","MIN","TE",22,0,"TE","average",63.1289149964226,29,3.30205925650959,8.56434794138027,57.332,74.5303109878367,5,-28.3899565435392,219,-24.3276901385822,210,-32.806658012791,219
"274","11657","Carlos","Hyde","HOU","RB",30,5,"RB","average",62.6,82,0.399999999999999,NA,62.6,62.6,26,-86.0078333333333,351,-73.8371666666667,338,-99.4268333333333,362
"275","12205","Devin","Funchess","IND","WR",26,4,"WR","average",62.4533333333333,74,0.603666666666676,9.60427161909394,53.06,69.359,11,-53.1857222222222,273,-47.212,257,-71.2371666666667,296
"276","9101","Jonathan","Stewart","FA","RB",33,11,"RB","average",62.4,83,0.600000000000009,NA,62.4,62.4,26,-86.2078333333333,352,-74.0371666666666,340,-99.6268333333333,364
"277","12505","Adam","Humphries","TEN","WR",27,4,"WR","average",62.165,75,2.36783333333333,12.6272202668151,52.8485,78.18,11,-53.4740555555556,274,-47.4235,258,-62.4161666666667,278
"278","11337","Darren","Fells","HOU","TE",34,7,"TE","average",61.6037114798259,30,4.58211712985035,6.39114896760231,54.6785,67.9457268878956,5,-29.9151600601358,221,-26.9811901385822,216,-39.3912421127322,235
"279","10369","Bilal","Powell","NYJ","RB",32,8,"RB","average",61.6,85,1.63125,NA,61.6,61.6,26,-87.0078333333333,354,-74.8371666666667,343,-100.426833333333,366
"280","10723","Mohamed","Sanu","NEP","WR",31,7,"WR","average",61.5343333333333,76,4.59766666666667,10.9143263649206,49.492,74.72,13,-54.1047222222222,276,-50.78,263,-65.8761666666667,286
"281","13768","Ito","Smith","ATL","RB",25,1,"RB","average",60.1375,86,0.382499999999993,11.1386994303644,50.35,73.7875,26,-88.4703333333333,355,-86.0871666666667,357,-88.2393333333333,338
"282","11761","Jerick","McKinnon","SFO","RB",28,5,"RB","average",59.71,88,1.50500000000001,15.5283869091416,48.718,76.168,26,-88.8978333333333,357,-87.7191666666667,359,-85.8588333333333,333
"283","12386","Malcolm","Brown","LAR","RB",27,4,"RB","average",58.41,89,0.713000000000001,28.5901917913586,25.465,84.831,26,-90.1978333333333,358,-110.972166666667,419,-77.1958333333333,312
"284","13645","Tre'Quan","Smith","NOS","WR",24,1,"WR","average",58.06,77,2.96583333333333,16.7913377966141,40.9315,72.51,13,-57.5790555555556,280,-59.3405,286,-68.0861666666667,291
"285","12317","C.J.","Uzomah","CIN","TE",27,4,"TE","average",58.05,31,2.4429330509274,12.09152595829,50.355,65.745,5,-33.4688715399617,227,-31.3046901385822,224,-41.5919690006278,240
"286","11186","Chris","Thompson","WAS","RB",30,6,"RB","average",57.394,91,2.78775,28.9804396101923,27.044,88.6,26,-91.2138333333333,360,-109.393166666667,417,-73.4268333333333,302
"287","13188","O.J.","Howard","TBB","TE",26,2,"TE","average",55.9931886999512,32,1.38074809001085,8.47236225098909,51.2899132199707,67.425,6,-35.5256828400105,234,-30.3697769186115,223,-39.9119690006277,236
"288","13418","Kendrick","Bourne","SFO","WR",25,2,"WR","average",55.8133333333333,78,1.765,15.907452132046,43.489,71.299,13,-59.8257222222222,285,-56.783,282,-69.2971666666667,292
"289","13192","David","Njoku","CLE","TE",24,2,"TE","average",55.220945198194,33,2.67897718735071,9.82850174048114,49.3345,67.2620671189164,6,-36.2979263417677,237,-32.3251901385822,226,-40.0749018817114,237
"290","13613","Jaylen","Samuels","PIT","RB",24,1,"RB","average",54.5125,93,0.962500000000006,7.8032445175068,46.8925,62.53,26,-94.0953333333333,364,-89.5446666666667,363,-99.4968333333333,363
"291","11179","Christine","Michael","FA","RB",30,6,"RB","average",54.5,94,2.45,NA,54.5,54.5,26,-94.1078333333333,365,-81.9371666666667,352,-107.526833333333,373
"292","12188","Phillip","Dorsett","NEP","WR",27,4,"WR","average",54.375,79,2.4,12.8281929098893,45.234,66.564,13,-61.2640555555556,288,-55.038,277,-74.0321666666667,305
"293","6997","Jason","Witten","DAL","TE",38,16,"TE","average",54.0039360216866,34,3.59338943877186,43.3776274145788,16.754,111.279936021687,6,-37.5149355182751,238,-64.9056901385822,303,3.94296702105885,93
"294","11951","Willie","Snead","BAL","WR",28,5,"WR","average",53.7216666666667,80,6.32833333333334,13.4186921866477,44.783,67.31,13,-61.9173888888889,290,-55.489,279,-73.2861666666667,301
"295","7942","Darren","Sproles","PHI","RB",37,14,"RB","average",51.5,96,1.62625,NA,51.5,51.5,26,-97.1078333333333,367,-84.9371666666667,355,-110.526833333333,379
"296","12328","Nick","Boyle","BAL","TE",27,4,"TE","average",51.08,35,2.26032313139966,2.26378002464904,49.181,53.24,6,-40.4388715399617,242,-32.4786901385822,227,-54.0969690006278,264
"297","14072","Benny","Snell","PIT","RB",22,0,"RB","average",50.8175,97,3.1025,6.44434312659819,44.5195,57.625,26,-97.7903333333333,368,-91.9176666666667,365,-104.401833333333,370
"298","13488","Zach","Pascal","IND","WR",26,2,"WR","average",50.2283333333333,81,5.80916666666666,14.042013151017,37.812,63.012,14,-65.4107222222222,296,-62.46,296,-77.5841666666667,315
"299","13236","Gerald","Everett","LAR","TE",26,2,"TE","average",49.7410931658295,36,2.67032642353404,9.61309145701613,38.417,57.6926558994977,6,-41.7777783741322,245,-43.2426901385822,254,-49.64431310113,253
"300","10389","Dion","Lewis","TEN","RB",30,8,"RB","average",48.93,98,2.43,6.44834862581111,43.586,54.98,26,-99.6778333333333,369,-92.8511666666666,366,-107.046833333333,371
"301","11399","Ryan","Griffin","NYJ","TE",30,6,"TE","average",47.8982605713711,37,2.51037411476121,21.3889166659764,28.3605,71.6545859426618,6,-43.6206109685906,252,-53.2991901385822,271,-35.6823830579659,230
"302","11150","Geno","Smith","SEA","QB",30,6,"QB","average",47.08,50,5.73425,67.2238439841103,8.266,113.62,16,-203.160126165914,510,-233.206466666667,518,-166.737722973554,508
"303","13850","Gus","Edwards","BAL","RB",25,1,"RB","average",46.3225,100,4.22416666666667,12.7048556990362,37.8185,62.7,26,-102.285333333333,373,-98.6186666666667,381,-99.3268333333333,361
"304","13763","Will","Dissly","SEA","TE",24,1,"TE","average",46.2432729132199,38,2.24392771042364,9.18240085250275,41.08,57.3851279049475,7,-45.2755986267419,256,-40.5796901385822,247,-49.9518410956802,254
"305","11239","Marquise","Goodwin","SFO","WR",30,6,"WR","average",44.5583333333333,82,0.905833333333334,18.7313275913197,29.113,61.783,10,-71.0807222222222,311,-71.159,323,-78.8131666666667,318
"306","11257","Vance","McDonald","PIT","TE",30,6,"TE","average",44.5325,39,1.41773813053712,10.598563975055,36.805,57.2995,7,-46.9863715399617,257,-44.8546901385822,255,-50.0374690006278,255
"307","12657","Tajae","Sharpe","TEN","WR",26,3,"WR","average",44.28,83,1.59666666666666,17.2107706102894,28.5075,62.625,14,-71.3590555555556,312,-71.7645,327,-77.9711666666667,317
"308","9429","Mark","Sanchez","FA","QB",34,10,"QB","average",43.68,51,7.20991666666666,NA,43.68,43.68,17,-206.560126165914,511,-197.792466666667,504,-236.677722973554,513
"309","11705","Trey","Burton","CHI","TE",29,5,"TE","average",43.4661904055924,40,1.22619040559243,13.09618433969,30.5835,56.7735473790142,7,-48.0526811343693,260,-51.0761901385822,264,-50.5634216216135,259
"310","12443","Jake","Kumerow","GBP","WR",28,2,"WR","average",43.025,84,6.44416666666666,26.8347023460295,25.9475,60.1025,12,-72.6140555555556,316,-74.3245,341,-80.4936666666667,323
"311","13617","Royce","Freeman","DEN","RB",24,1,"RB","average",42.7966666666667,101,2.28166666666667,5.70811118789161,38.206,48.43,26,-105.811166666667,375,-98.2311666666667,379,-113.596833333333,381
"312","13194","Jeremy","Sprinkle","WAS","TE",26,2,"TE","average",42.7633333333333,41,1.35625,3.54154391944154,40.666,46.3,7,-48.7555382066284,261,-40.9936901385822,249,-61.0369690006278,276
"313","13412","Keelan","Cole","JAC","WR",27,2,"WR","average",42.3416666666667,85,15.6316666666667,22.9127940970396,28.078,66.778,14,-73.2973888888889,319,-72.194,331,-73.8181666666667,304
"314","13753","Jordan","Akins","HOU","TE",28,1,"TE","average",41.7166666666667,42,0.886250000000004,2.66333124739176,39.66,44.34,7,-49.8022048732951,264,-41.9996901385822,252,-62.9969690006278,281
"315","8269","Marcedes","Lewis","GBP","TE",36,13,"TE","average",41.0975,43,1.26833333333334,26.93837457977,24.6785,73.9,7,-50.4213715399617,265,-56.9811901385822,283,-33.4369690006278,220
"316","13919","Anthony","Firkser","TEN","TE",25,1,"TE","average",40.5633333333333,44,3.11333333333333,12.5552591902092,30.064,52.474,7,-50.9555382066284,268,-51.5956901385822,268,-54.8629690006278,265
"317","11367","Kyle","Juszczyk","SFO","RB",29,6,"RB","average",39.63,103,0.130000000000003,11.5541248045882,32.277,46.983,26,-108.977833333333,379,-104.160166666667,411,-115.043833333333,382
"318","10300","Jacquizz","Rodgers","FA","RB",30,8,"RB","average",39.6,104,0.526249999999997,NA,39.6,39.6,26,-109.007833333333,380,-96.8371666666667,373,-122.426833333333,389
"319","12208","Jeff","Heuerman","DEN","TE",28,4,"TE","average",39.095,45,3.31131537644954,12.1693077042205,31.3505,46.8395,7,-52.4238715399617,270,-50.3091901385822,262,-60.4974690006278,274
"320","10262","Blaine","Gabbert","TBB","QB",31,8,"QB","average",39.0115,52,9.01300000000001,60.4702618565523,8.1149,111.842,17,-211.228626165914,512,-233.357566666667,519,-168.515722973554,509
"321","14093","Ryquell","Armstead","JAC","RB",24,0,"RB","average",38.7475,106,0.797499999999999,28.5840810883727,17.2085,73.68,26,-109.860333333333,384,-119.228666666667,435,-88.3468333333333,339
"322","10714","Robert","Turbin","SEA","RB",31,7,"RB","average",37.4,108,2.06250000000001,NA,37.4,37.4,26,-111.207833333333,387,-99.0371666666666,384,-124.626833333333,393
"323","12330","James","O'Shaughnessy","JAC","TE",28,4,"TE","average",35.805,46,0.382014842850886,13.5693791309698,27.1695,44.4405,7,-55.7138715399617,277,-54.4901901385822,276,-62.8964690006278,280
"324","14209","Josh","Oliver","JAC","TE",23,0,"TE","average",35.7623692471009,47,1.29556871350226,13.8485809587683,25.058,53.2940554401431,7,-55.7565022928608,278,-56.6016901385822,281,-54.0429135604846,263
"325","10932","Brandon","Bolden","NEP","RB",30,7,"RB","average",35.575,109,1.15,16.1573899501126,25.2925,45.8575,26,-113.032833333333,390,-111.144666666667,420,-116.169333333333,384
"326","12110","Cameron","Brate","TBB","TE",29,5,"TE","average",35.0836010671973,48,1.43193440053065,11.6022950321258,25.5745,48.8856606403184,7,-56.4352704727644,279,-56.0851901385822,280,-58.4513083603094,268
"327","12141","Marcus","Mariota","TEN","QB",27,4,"QB","average",33.9286666666667,53,8.4015,7.63484677864155,28.0964,41.474,18,-216.311459499248,513,-213.376066666667,506,-238.883722973554,515
"328","12211","Jesse","James","DET","TE",26,4,"TE","average",33.85,49,1.13666666666666,3.83112255089811,30.105,36.72,8,-57.6688715399617,281,-51.5546901385822,267,-70.6169690006278,294
"329","14017","Jeffery","Wilson","SFO","RB",25,1,"RB","average",33.75,111,0.622500000000002,18.1726442764943,22.185,45.315,26,-114.857833333333,401,-114.252166666667,426,-116.711833333333,385
"330","12596","Matt","LaCosse","NEP","TE",28,4,"TE","average",33.4533333333333,50,2.905,6.55583963602934,28.689,39.93,8,-58.0655382066284,282,-52.9706901385822,270,-67.4069690006278,287
"331","13148","Dare","Ogunbowale","TBB","RB",26,2,"RB","average",33.335,112,0.524999999999999,16.5205044313625,22.98,53.416,27,-115.272833333333,408,-113.457166666667,424,-108.610833333333,376
"332","14284","Darwin","Thompson","KCC","RB",23,0,"RB","average",32.92,113,0.553333333333335,28.2751251102449,11.831,61.151,27,-115.687833333333,418,-124.606166666667,445,-100.875833333333,367
"333","11177","Kenjon","Barner","ATL","RB",31,6,"RB","average",32.7,114,0.733333333333334,NA,32.7,32.7,27,-115.907833333333,419,-103.737166666667,410,-129.326833333333,398
"334","14086","Justice","Hill","BAL","RB",23,0,"RB","average",32.0333333333333,115,1.73333333333333,11.3794039094029,25.685,44,27,-116.5745,423,-110.752166666667,418,-118.026833333333,387
"335","13880","Dan","Arnold","ARI","TE",25,2,"TE","average",31.9733333333333,51,3.63,10.316425414519,21.967,39.877,8,-59.5455382066284,284,-59.6926901385822,287,-67.4599690006278,288
"336","11186","Chris","Thompson","WAS","RB",30,6,"WR","average",30.82,86,11.8983333333333,NA,30.82,30.82,14,-84.8190555555556,349,-69.452,317,-109.776166666667,378
"337","13564","Sam","Ficken","NYJ","K",28,4,"K","average",30.2,30,NA,2.54558441227157,28.58,31.82,3,-78.7898222701149,340,-55.1293058080808,278,-107.60295,374
"338","12206","Maxx","Williams","ARI","TE",26,4,"TE","average",29.1233333333333,52,2.03666666666667,1.0008163334665,28.207,30.007,10,-62.3955382066284,291,-53.4526901385822,272,-77.3299690006278,313
"339","12806","Andy","Janovich","DEN","RB",27,3,"RB","average",28.67,118,0.969999999999999,8.52770778110976,23.243,34.097,27,-119.937833333333,427,-113.194166666667,423,-127.929833333333,396
"340","13391","Jacob","Hollister","SEA","TE",27,2,"TE","average",27.5633333333333,53,1.61208333333333,8.39428575480567,20.909,35.669,10,-63.9555382066284,294,-60.7506901385822,292,-71.6679690006278,297
"341","9898","LeGarrette","Blount","FA","RB",34,9,"RB","average",27.3,120,1.10666666666667,NA,27.3,27.3,27,-121.307833333333,429,-109.137166666667,415,-134.726833333333,405
"342","11180","Mike","Gillislee","FA","RB",30,6,"RB","average",27.1,121,1.87166666666667,NA,27.1,27.1,27,-121.507833333333,430,-109.337166666667,416,-134.926833333333,406
"343","11529","Josh","Hill","NOS","TE",30,6,"TE","average",26.61,54,1.67041666666666,5.36179074563713,21.892,31.54,9,-64.9088715399617,295,-59.7676901385822,288,-75.7969690006278,309
"344","13424","Taysom","Hill","NOS","QB",30,2,"QB","average",26.0683333333333,54,2.53533333333333,1.63759986972805,25.862,28.508,19,-224.171792832581,514,-215.610466666667,507,-251.849722973554,517
"345","11252","Levine","Toilolo","SFO","TE",29,6,"TE","average",25.2925,55,0.78166666666667,17.8968402704686,9.1855,45.68,10,-66.2263715399617,298,-72.4741901385822,332,-61.6569690006278,277
"346","12857","DeAndre","Washington","OAK","RB",27,3,"RB","average",25.2866666666667,122,0.179166666666671,7.4603306450407,20.884,32.62,27,-123.321166666667,431,-115.553166666667,429,-129.406833333333,399
"347","14083","Travis","Homer","SEA","RB",22,0,"RB","average",25.17,123,0.425000000000001,14.3966940649581,16.158,34.482,27,-123.437833333333,432,-120.279166666667,440,-127.544833333333,395
"348","14075","Damien","Harris","NEP","RB",23,0,"RB","average",25.045,124,1.0225,1.7606958851545,24.2245,26.4655,27,-123.562833333333,433,-112.212666666667,421,-135.561333333333,407
"349","13879","Kyle","Allen","CAR","QB",24,1,"QB","average",24.986,55,4.604,14.2904180484687,14.7548,39.1628,18,-225.254126165914,515,-226.717666666667,511,-241.194922973554,516
"350","13246","Mo","Alie-Cox","IND","TE",27,2,"TE","average",24.5866666666667,56,0.655833333333334,18.9485760238951,9.856,42.976,10,-66.9322048732951,301,-71.8036901385822,328,-64.3609690006278,285
"351","14082","Bryce","Love","WAS","RB",23,0,"RB","average",24.445,125,1.645,4.23556961930742,22.1995,27.5905,27,-124.162833333333,434,-114.237666666667,425,-134.436333333333,404
"352","14319","Andrew","Beck","DEN","TE",24,0,"TE","average",24.435,57,1.08833333333334,8.40042856049618,18.914,29.606,9,-67.0838715399617,302,-62.7456901385822,297,-77.7309690006278,316
"353","13382","Ricky","Seals-Jones","CLE","TE",25,2,"TE","average",23.4266666666667,58,0.418333333333333,3.49744668770424,20.698,26.818,11,-68.0922048732951,303,-60.9616901385822,293,-80.5189690006278,324
"354","12212","Tyler","Kroft","BUF","TE",28,4,"TE","average",23.2666666666667,59,1.24166666666667,3.78725934328946,20.39,26.96,11,-68.2522048732951,304,-61.2696901385822,294,-80.3769690006278,322
"355","13546","Garrett","Griffin","NOS","TE",26,3,"TE","average",22.75,60,1.785,0.494974746830585,22.435,23.065,11,-68.7688715399617,305,-59.2246901385822,285,-84.2719690006278,329
"356","11213","Tavon","Austin","DAL","WR",29,6,"WR","average",22.6,87,8.97833333333334,NA,22.6,22.6,15,-93.0390555555556,362,-77.672,347,-117.996166666667,386
"357","8042","Matt","Cassel","FA","QB",38,14,"QB","average",22.08,56,3.6945,NA,22.08,22.08,20,-228.160126165914,516,-219.392466666667,508,-258.277722973554,519
"358","11175","Andre","Ellington","FA","RB",31,6,"RB","average",22,127,0.589999999999996,NA,22,22,27,-126.607833333333,436,-114.437166666667,427,-140.026833333333,430
"359","14331","D'Ernest","Johnson","CLE","RB",24,0,"RB","average",21.7,128,0.68,NA,21.7,21.7,27,-126.907833333333,437,-114.737166666667,428,-140.326833333333,436
"360","13424","Taysom","Hill","NOS","QB",30,2,"TE","average",21.3,61,1.28333333333333,NA,21.3,21.3,11,-70.2188715399617,307,-60.3596901385822,289,-86.0369690006278,334
"361","13868","Mike","Boone","MIN","RB",25,1,"RB","average",21.12,129,0.41,6.26496608131281,17.283,25.257,27,-127.487833333333,438,-119.154166666667,434,-136.769833333333,410
"362","12629","Devontae","Booker","DEN","RB",28,3,"RB","average",20.92,130,0.797499999999999,6.47709811566878,16.798,25.042,27,-127.687833333333,439,-119.639166666667,439,-136.984833333333,412
"363","14239","Foster","Moreau","OAK","TE",23,0,"TE","average",20.63,62,1.66,7.10159841162537,15.099,27.519,11,-70.8888715399617,309,-66.5606901385822,307,-79.8179690006278,321
"364","13240","Brian","Hill","ATL","RB",25,2,"RB","average",19.745,132,0.247499999999999,2.41123412384613,18.3605,21.4295,27,-128.862833333333,441,-118.076666666667,432,-140.597333333333,445
"365","14146","Drew","Sample","CIN","TE",24,0,"TE","average",19.4033333333333,63,1.125,14.9383577856916,8.916,34.746,11,-72.1155382066284,313,-72.7436901385822,335,-72.5909690006278,299
"366","12261","Ty","Montgomery","NYJ","RB",27,4,"RB","average",19.295,134,1.015,3.5426049737446,17.0405,21.5495,27,-129.312833333333,443,-119.396666666667,437,-140.477333333333,441
"367","10948","Case","Keenum","WAS","QB",32,7,"QB","average",18.684,57,0.84975,20.1792039155827,7.7456,43.099,20,-231.556126165914,517,-233.726866666667,521,-237.258722973554,514
"368","11448","Demetrius","Harris","CLE","TE",29,6,"TE","average",18.5366666666667,64,1.17166666666667,3.80736566845547,15.021,21.861,12,-72.982204873295,317,-66.6386901385822,308,-85.4759690006278,332
"369","14319","Andrew","Beck","DEN","TE",24,0,"RB","average",18.32,135,0.5,NA,18.32,18.32,27,-130.287833333333,444,-118.117166666667,433,-143.706833333333,454
"370","13623","Darrel","Williams","KCC","RB",25,1,"RB","average",18.24,136,0.895,7.01449926937055,13.776,22.704,27,-130.367833333333,446,-122.661166666667,444,-139.322833333333,424
"371","13416","Phillip","Walker","FA","QB",25,2,"QB","average",18.087,58,0.653583333333334,12.34184175883,10.2327,25.9413,21,-232.153126165914,518,-231.239766666667,513,-254.416422973554,518
"372","12309","MyCole","Pruitt","TEN","TE",28,4,"TE","average",18.02,65,1.4125,3.28097546470558,15.932,20.108,12,-73.4988715399617,320,-65.7276901385822,304,-87.2289690006278,336
"373","9073","Chad","Henne","KCC","QB",35,11,"QB","average",17.5815,59,1.52883333333333,22.2658290286558,3.6109,44.755,21,-232.658626165914,519,-237.861566666667,537,-235.602722973554,512
"374","13136","Corey","Clement","PHI","RB",26,2,"RB","average",17.4,137,0.214999999999996,2.1920310216783,16.155,18.945,27,-131.207833333333,447,-120.282166666667,441,-143.081833333333,453
"375","13871","Dontrell","Hilliard","CLE","RB",25,1,"RB","average",17.29,138,1.14333333333333,7.16678449515541,11.792,24.302,27,-131.317833333333,448,-124.645166666667,446,-137.724833333333,416
"376","9714","Brian","Hoyer","IND","QB",35,10,"QB","average",17.2853333333333,60,2.96933333333333,1.38864154241955,16.6884,19.05,21,-232.954792832581,520,-224.784066666667,510,-261.307722973554,522
"377","13849","Ryan","Nall","CHI","RB",25,1,"RB","average",17.08,139,2.12333333333333,NA,17.08,17.08,27,-131.527833333333,449,-119.357166666667,436,-144.946833333333,456
"378","13847","Ryan","Izzo","NEP","TE",25,1,"TE","average",16.71,66,0.302499999999998,2.53144227664784,15.099,18.321,12,-74.8088715399617,322,-66.5606901385822,307,-89.0159690006278,342
"379","13254","Adam","Shaheen","CHI","TE",26,2,"TE","average",16.505,67,0.281666666666666,3.52846283812087,14.2595,18.7505,12,-75.0138715399617,323,-67.4001901385822,311,-88.5864690006278,341
"380","10432","Virgil","Green","LAC","TE",32,8,"TE","average",16.31,68,0.174166666666668,7.31143396787981,10.156,25.34,12,-75.2088715399617,324,-71.5036901385822,326,-81.9969690006278,327
"381","11647","Logan","Thomas","DET","TE",29,5,"TE","average",16.1366666666667,69,0.00250000000000128,7.85356819116848,9.026,23.156,12,-75.3822048732951,325,-72.6336901385822,334,-84.1809690006278,328
"382","12868","Ben","Braunecker","CHI","TE",26,3,"TE","average",16.135,70,0.0516666666666659,1.50613744392735,15.1765,17.0935,12,-75.3838715399617,326,-66.4831901385822,306,-90.2434690006278,350
"383","12955","Chris","Manhertz","CAR","TE",28,3,"TE","average",16.1333333333333,71,0.201666666666664,5.08363387089721,12.49,21.13,12,-75.3855382066284,327,-69.1696901385822,314,-86.2069690006278,335
"384","13772","Dalton","Schultz","DAL","TE",24,1,"TE","average",16.0333333333333,72,0.228333333333335,7.72015759770054,8.695,22.375,12,-75.4855382066284,328,-72.9646901385822,336,-84.9619690006278,330
"385","12479","Khari","Lee","FA","TE",28,4,"TE","average",15.83,73,0.1775,3.77595021153616,13.427,18.233,12,-75.6888715399617,330,-68.2326901385822,313,-89.1039690006278,344
"386","13197","Michael","Roberts","FA","TE",26,2,"TE","average",15.78,74,0.477500000000001,5.26087445202791,12.432,19.128,12,-75.7388715399617,331,-69.2276901385822,315,-88.2089690006278,337
"387","14195","Kahale","Warring","HOU","TE",23,0,"TE","average",15.525,75,0.582500000000001,2.22738636073763,14.1075,16.9425,12,-75.9938715399617,332,-67.5521901385822,312,-90.3944690006278,351
"388","11225","Cordarrelle","Patterson","CHI","WR",29,6,"WR","average",15.2433333333333,88,6.08333333333333,1.75716627936383,14.093,17.153,16,-100.395722222222,371,-86.179,358,-123.443166666667,391
"389","14097","Qadree","Ollison","ATL","RB",24,0,"RB","average",15.2133333333333,140,0.868333333333334,8.11036579528528,7.289,20.069,28,-133.3945,450,-129.148166666667,457,-141.957833333333,450
"390","13994","Pharaoh","Brown","CLE","TE",26,2,"TE","average",15.08,76,0.720833333333333,4.27092495836675,12.362,17.798,12,-76.4388715399617,333,-69.2976901385822,316,-89.5389690006278,349
"391","14062","Will","Grier","CAR","QB",25,0,"QB","average",14.82,61,2.5485,6.98621499812309,10.374,19.266,21,-235.420126165914,521,-231.098466666667,512,-261.091722973554,520
"392","12792","Seth","DeValve","JAC","TE",27,3,"TE","average",14.805,77,0.925833333333332,6.21546860662975,10.8495,18.7605,12,-76.7138715399617,334,-70.8101901385822,322,-88.5764690006278,340
"393","11894","David","Fluellen","TEN","RB",28,5,"RB","average",13.99,142,1.7825,NA,13.99,13.99,28,-134.617833333333,452,-122.447166666667,443,-148.036833333333,459
"394","14142","Kaden","Smith","NYG","TE",23,0,"TE","average",13.9133333333333,78,0.223333333333334,2.31355426418602,11.644,15.604,12,-77.6055382066284,335,-70.0156901385822,319,-91.7329690006278,354
"395","14294","Tommy","Sweeney","BUF","TE",25,0,"TE","average",13.845,79,0.855833333333333,6.72458548908407,9.5655,18.1245,12,-77.6738715399617,336,-72.0941901385822,330,-89.2124690006278,346
"396","13595","Mason","Rudolph","PIT","QB",25,1,"QB","average",13.812,62,3.57683333333333,5.57269342418906,9.1696,19.1416,21,-236.428126165914,522,-232.302866666667,515,-261.216122973554,521
"397","13065","Eric","Tomlinson","OAK","TE",28,4,"TE","average",13.535,80,1.14583333333333,2.77892965006313,11.7665,15.3035,12,-77.9838715399617,337,-69.8931901385822,318,-92.0334690006278,355
"398","12685","Joshua","Perkins","PHI","TE",27,3,"TE","average",12.4433333333333,81,0.545833333333334,5.9104681145687,7.683,18.123,12,-79.0755382066284,341,-73.9766901385822,339,-89.2139690006278,347
"399","13326","Alexander","Armah","CAR","RB",26,2,"RB","average",12.425,143,0.488333333333332,5.19723484172112,9.1175,15.7325,28,-136.182833333333,454,-127.319666666667,451,-146.294333333333,457
"400","10940","Derek","Carrier","OAK","TE",30,7,"TE","average",12.335,82,1.6875,3.91030049996161,9.8465,14.8235,12,-79.1838715399617,343,-71.8131901385822,329,-92.5134690006278,356
"401","13135","Wayne","Gallman","NYG","RB",26,2,"RB","average",11.99,144,0.448333333333334,5.8976520751906,8.573,17.78,28,-136.617833333333,455,-127.864166666667,453,-144.246833333333,455
"402","12164","Mike","Davis","CAR","RB",27,4,"RB","average",11.8833333333333,145,0.713333333333335,7.55005518743627,6.26,19.31,28,-136.7245,456,-130.177166666667,459,-142.716833333333,452
"403","11381","Luke","Willson","SEA","TE",30,6,"TE","average",11.46,83,6.6925,5.14773736703807,8.184,14.736,12,-80.0588715399617,345,-73.4756901385822,337,-92.6009690006278,358
"404","14081","Myles","Gaskin","MIA","RB",23,0,"RB","average",11.2,146,0.612499999999999,NA,11.2,11.2,28,-137.407833333333,457,-125.237166666667,447,-150.826833333333,461
"405","13615","Bo","Scarbrough","DET","RB",24,1,"RB","average",11.14,147,1.2175,0.721248916810279,10.831,11.749,28,-137.467833333333,458,-125.606166666667,448,-150.277833333333,460
"406","13119","Joshua","Dobbs","JAC","QB",25,2,"QB","average",10.731,63,1.016,2.37446457122443,9.9699,12.9921,21,-239.509126165914,523,-231.502566666667,514,-267.365622973554,523
"407","14076","Trayveon","Williams","CIN","RB",23,0,"RB","average",10.035,148,0.442499999999999,0.403050865276332,9.9285,10.4415,28,-138.572833333333,459,-126.508666666667,449,-151.585333333333,462
"408","13445","Antony","Auclair","TBB","TE",27,2,"TE","average",9.835,84,10.135,9.28431203697937,3.9265,15.7435,12,-81.6838715399617,347,-77.7331901385822,348,-91.5934690006278,353
"409","14333","Wes","Hills","DET","RB",25,0,"RB","average",9.81,149,0.887500000000001,NA,9.81,9.81,28,-138.797833333333,460,-126.627166666667,450,-152.216833333333,465
"410","9899","Colt","McCoy","WAS","QB",34,9,"QB","average",9.73933333333333,64,0.414333333333333,2.61171616630394,7.6312,12.142,22,-240.500792832581,524,-233.841266666667,523,-268.215722973554,525
"411","14068","Ryan","Finley","CIN","QB",26,0,"QB","average",9.69066666666667,65,0.7485,2.9561768102286,7.7268,12.702,22,-240.549459499248,525,-233.745666666667,522,-267.655722973554,524
"412","12153","T.J.","Yeldon","BUF","RB",27,4,"RB","average",9.375,150,1.2575,0.813172798364529,8.8575,9.8925,28,-139.232833333333,461,-127.579666666667,452,-152.134333333333,463
"413","12140","Jameis","Winston","TBB","QB",26,4,"QB","average",8.95933333333333,66,0.144833333333333,2.69344413963485,6.9538,11.6698,22,-241.280792832581,526,-234.518666666667,525,-268.687922973554,526
"414","12142","Brett","Hundley","ARI","QB",27,4,"QB","average",8.925,67,0.292999999999999,3.55674710936833,6.6615,11.1885,22,-241.315126165914,527,-234.810966666667,526,-269.169222973554,528
"415","12623","Jeff","Driskel","DET","QB",27,3,"QB","average",8.704,68,0.193999999999999,1.34562550510905,7.4378,9.758,22,-241.536126165914,528,-234.034666666667,524,-270.599722973554,532
"416","13916","Buddy","Howell","HOU","RB",24,1,"RB","average",8.47,151,0.8325,0.5939696961967,8.242,8.998,29,-140.137833333333,462,-128.195166666667,454,-153.028833333333,466
"417","13846","Logan","Woodside","TEN","QB",25,1,"QB","average",8.46,70,0.861166666666668,0.14,8.334,8.586,22,-241.780126165914,530,-233.138466666667,517,-271.771722973554,535
"418","11643","A.J.","McCarron","HOU","QB",30,5,"QB","average",7.98666666666667,71,0.781166666666666,1.98535471221979,6.235,9.808,22,-242.253459499248,531,-235.237466666667,527,-270.549722973554,531
"419","12845","Dwayne","Washington","NOS","RB",26,3,"RB","average",7.765,152,0.312500000000001,0.96873629022557,7.2985,8.5315,29,-140.842833333333,463,-129.138666666667,456,-153.495333333333,467
"420","12637","Peyton","Barber","TBB","RB",26,3,"RB","average",7.51,153,0.199999999999999,1.54149278298667,6.529,8.491,29,-141.097833333333,464,-129.908166666667,458,-153.535833333333,468
"421","13816","Trenton","Cannon","NYJ","RB",26,1,"RB","average",7.395,154,0.332500000000001,0.134350288425444,7.3095,7.4805,29,-141.212833333333,465,-129.127666666667,455,-154.546333333333,470
"422","13789","Jordan","Wilkins","IND","RB",26,1,"RB","average",7.225,155,0.680000000000001,3.92444263558534,4.8775,9.8725,29,-141.382833333333,466,-131.559666666667,465,-152.154333333333,464
"423","9706","Chase","Daniel","CHI","QB",34,10,"QB","average",7.211,72,0.16,1.54301350177718,5.9366,9.089,22,-243.029126165914,532,-235.535866666667,530,-271.268722973554,533
"424","11854","Garrett","Gilbert","CLE","QB",29,5,"QB","average",7.2,73,0.366499999999999,4.24264068711928,4.5,9.9,22,-243.040126165914,533,-236.972466666667,534,-270.457722973554,530
"425","12616","Jacoby","Brissett","IND","QB",28,3,"QB","average",6.902,74,0.46675,1.32653232150596,6.0578,7.7462,22,-243.338126165914,534,-235.414666666667,528,-272.611522973554,537
"426","13621","Kalen","Ballage","MIA","RB",25,1,"RB","average",6.9,156,0.76,1.90918830920368,5.835,8.265,29,-141.707833333333,467,-130.602166666667,462,-153.761833333333,469
"427","14070","David","Blough","DET","QB",25,0,"QB","average",6.765,75,0.681583333333334,3.18905158315133,4.7355,8.7945,22,-243.475126165914,535,-236.736966666667,531,-271.563222973554,534
"428","13724","Richie","James","SFO","WR",25,1,"WR","average",6.32,90,1.775,NA,6.32,6.32,18,-109.319055555556,383,-93.952,368,-134.276166666667,403
"429","14078","Karan","Higdon","HOU","RB",NA,0,"RB","average",6.19,157,0.37,NA,6.19,6.19,29,-142.417833333333,468,-130.247166666667,460,-155.836833333333,471
"430","11151","Matt","Barkley","BUF","QB",30,6,"QB","average",6.1055,76,0.132499999999999,3.8834968348985,2.1703,10.361,23,-244.134626165914,536,-239.302166666667,540,-269.996722973554,529
"431","14094","Jordan","Scarlett","CAR","RB",25,0,"RB","average",6.09,158,0.720000000000001,NA,6.09,6.09,29,-142.517833333333,469,-130.347166666667,461,-155.936833333333,472
"432","12145","Sean","Mannion","MIN","QB",28,4,"QB","average",6.06133333333333,77,0.7065,4.9820804222065,3.0684,11.2764,22,-244.178792832581,537,-238.404066666667,538,-269.081322973554,527
"433","13968","Nick","Mullens","SFO","QB",25,2,"QB","average",5.88466666666667,78,1.54716666666667,1.62803931156468,4.5384,7.4004,23,-244.355459499248,538,-236.934066666667,533,-272.957322973554,538
"434","14289","Kerrith","Whyte","PIT","RB",24,0,"RB","average",5.55,159,0.53,NA,5.55,5.55,30,-143.057833333333,470,-130.887166666667,463,-156.476833333333,473
"435","13961","Dalyn","Dawkins","TEN","RB",26,1,"RB","average",5.19,160,0.5,NA,5.19,5.19,31,-143.417833333333,471,-131.247166666667,464,-156.836833333333,474
"436","13239","Elijhaa","Penny","NYG","RB",27,3,"RB","average",4.85,161,0.374999999999999,NA,4.85,4.85,32,-143.757833333333,472,-131.587166666667,466,-157.176833333333,475
"437","11152","Mike","Glennon","OAK","QB",31,6,"QB","average",4.825,79,1.145,3.66988419435818,2.4895,7.1605,23,-245.415126165914,539,-238.982966666667,539,-273.197222973554,539
"438","9441","Percy","Harvin","FA","WR",32,10,"WR","average",4.7,91,0.680000000000001,NA,4.7,4.7,19,-110.939055555556,386,-95.572,370,-135.896166666667,408
"439","12444","Rod","Smith","OAK","RB",28,4,"RB","average",4.53,162,0.444999999999999,NA,4.53,4.53,33,-144.077833333333,473,-131.907166666667,467,-157.496833333333,476
"440","14088","Rodney","Anderson","CIN","RB",24,0,"RB","average",4.42,163,0.720000000000001,NA,4.42,4.42,34,-144.187833333333,474,-132.017166666667,468,-157.606833333333,477
"441","12814","Jakeem","Grant","MIA","WR",28,3,"WR","average",4.39,92,1.28,NA,4.39,4.39,20,-111.249055555556,388,-95.882,371,-136.206166666667,409
"442","11835","David","Fales","NYJ","QB",30,5,"QB","average",3.85,80,NA,NA,3.85,3.85,23,-246.390126165914,540,-237.622466666667,536,-276.507722973554,541
"443","12823","Derek","Watt","LAC","RB",28,3,"RB","average",3.75,164,0.145,NA,3.75,3.75,35,-144.857833333333,475,-132.687166666667,469,-158.276833333333,479
"444","12155","Ameer","Abdullah","MIN","RB",27,4,"RB","average",3.65,165,0.105,NA,3.65,3.65,36,-144.957833333333,476,-132.787166666667,470,-158.376833333333,480
"445","13662","Keke","Coutee","HOU","WR",23,1,"WR","average",3.65,93,1.18,NA,3.65,3.65,21,-111.989055555556,389,-96.622,372,-136.946166666667,411
"446","13452","Trey","Edmunds","PIT","RB",26,2,"RB","average",3.56,166,0.0350000000000001,NA,3.56,3.56,37,-145.047833333333,477,-132.877166666667,471,-158.466833333333,481
"447","13611","Josh","Adams","NYJ","RB",24,1,"RB","average",3.53,167,0.0449999999999999,NA,3.53,3.53,38,-145.077833333333,478,-132.907166666667,472,-158.496833333333,482
"448","12632","Kenneth","Dixon","NYJ","RB",26,3,"RB","average",3.52,168,0.15,NA,3.52,3.52,39,-145.087833333333,479,-132.917166666667,473,-158.506833333333,483
"449","13591","Josh","Rosen","MIA","QB",23,1,"QB","average",3.51,81,NA,0.947523086789974,4.407,5.613,23,-246.730126165914,541,-237.065466666667,535,-274.744722973554,540
"450","12923","C.J.","Ham","MIN","RB",27,3,"RB","average",3.45,169,0.21,NA,3.45,3.45,40,-145.157833333333,480,-132.987166666667,474,-158.576833333333,484
"451","14074","Dexter","Williams","GBP","RB",23,0,"RB","average",3.29,170,0.12,NA,3.29,3.29,41,-145.317833333333,481,-133.147166666667,475,-158.736833333333,485
"452","11964","Senorise","Perry","BUF","RB",29,5,"RB","average",3.19,171,0.1,NA,3.19,3.19,42,-145.417833333333,482,-133.247166666667,476,-158.836833333333,486
"453","13133","Samaje","Perine","MIA","RB",25,2,"RB","average",3.15,172,0.145,NA,3.15,3.15,43,-145.457833333333,483,-133.287166666667,477,-158.876833333333,487
"454","12929","Troymaine","Pope","LAC","RB",27,3,"RB","average",3.03,173,0.105,NA,3.03,3.03,44,-145.577833333333,484,-133.407166666667,478,-158.996833333333,488
"455","13619","John","Kelly","LAR","RB",24,1,"RB","average",2.98,174,0.135,NA,2.98,2.98,45,-145.627833333333,485,-133.457166666667,479,-159.046833333333,489
"456","12640","Josh","Ferguson","WAS","RB",27,3,"RB","average",2.87,175,0.0699999999999998,NA,2.87,2.87,46,-145.737833333333,486,-133.567166666667,480,-159.156833333333,490
"457","14095","Ty","Johnson","DET","RB",23,0,"RB","average",2.82,176,0.0899999999999999,NA,2.82,2.82,47,-145.787833333333,487,-133.617166666667,481,-159.206833333333,491
"458","13144","Elijah","McGuire","FA","RB",26,2,"RB","average",2.78,177,0.0999999999999996,NA,2.78,2.78,48,-145.827833333333,488,-133.657166666667,482,-159.246833333333,492
"459","10378","Anthony","Sherman","KCC","RB",32,8,"RB","average",2.68,178,0.0550000000000006,NA,2.68,2.68,49,-145.927833333333,489,-133.757166666667,483,-159.346833333333,493
"460","14096","Devine","Ozigbo","JAC","RB",24,0,"RB","average",2.68,179,0.135,NA,2.68,2.68,50,-145.927833333333,489,-133.757166666667,483,-159.346833333333,493
"461","13384","Taquan","Mizzell","NOS","WR",27,2,"RB","average",2.57,180,0.0650000000000004,NA,2.57,2.57,51,-146.037833333333,490,-133.867166666667,484,-159.456833333333,494
"462","13384","Taquan","Mizzell","NOS","WR",27,2,"WR","average",2.57,94,0.245,NA,2.57,2.57,22,-113.069055555556,391,-97.702,375,-138.026166666667,417
"463","12639","Tyler","Ervin","GBP","RB",27,3,"RB","average",2.52,181,0.155,2.3758787847868,1.008,4.032,34,-146.087833333333,491,-135.429166666667,490,-157.994833333333,478
"464","12040","Keith","Smith","ATL","RB",28,5,"RB","average",2.49,182,0.375,NA,2.49,2.49,52,-146.117833333333,492,-133.947166666667,485,-159.536833333333,495
"465","8673","Ted","Ginn Jr.","NOS","WR",35,12,"WR","average",2.37,95,0.24,NA,2.37,2.37,23,-113.269055555556,392,-97.902,376,-138.226166666667,418
"466","14116","Jalen","Hurd","SFO","WR",24,0,"WR","average",2.28,96,0.382727272727273,1.4992331373072,1.004,3.389,22,-113.359055555556,393,-99.268,386,-137.207166666667,415
"467","13142","T.J.","Logan","TBB","RB",26,2,"RB","average",2.24,183,0.365,NA,2.24,2.24,53,-146.367833333333,493,-134.197166666667,486,-159.786833333333,496
"468","10368","Taiwan","Jones","HOU","RB",32,8,"RB","average",1.99,184,0.395,NA,1.99,1.99,54,-146.617833333333,494,-134.447166666667,487,-160.036833333333,497
"469","14121","Andy","Isabella","ARI","WR",24,0,"WR","average",1.98,97,0.292727272727273,NA,1.98,1.98,24,-113.659055555556,396,-98.292,380,-138.616166666667,421
"470","14112","Parris","Campbell","IND","WR",23,0,"WR","average",1.81454545454545,98,0.359545454545455,1.91690220136208,1.04463636363636,3.48445454545455,24,-113.82451010101,397,-99.2273636363636,385,-137.111712121212,414
"471","11100","Patrick","DiMarco","BUF","RB",31,8,"RB","average",1.76,185,0.66,NA,1.76,1.76,55,-146.847833333333,495,-134.677166666667,488,-160.266833333333,498
"472","13313","Isaiah","McKenzie","BUF","WR",25,2,"WR","average",1.56,99,0.405,NA,1.56,1.56,25,-114.079055555556,398,-98.712,382,-139.036166666667,422
"473","13359","Khalfani","Muhammad","DEN","RB",26,2,"RB","average",1.43,186,0.84,NA,1.43,1.43,56,-147.177833333333,496,-135.007166666667,489,-160.596833333333,499
"474","14280","Scott","Miller","TBB","WR",23,0,"WR","average",1.35,100,0.51,NA,1.35,1.35,26,-114.289055555556,399,-98.922,383,-139.246166666667,423
"475","12913","Alex","Erickson","CIN","WR",28,3,"WR","average",0.96,101,0.27,NA,0.96,0.96,27,-114.679055555556,400,-99.312,387,-139.636166666667,425
"476","12325","Michael","Burton","WAS","RB",28,4,"RB","average",0.77,187,0.38,NA,0.77,0.77,57,-147.837833333333,497,-135.667166666667,491,-161.256833333333,500
"477","13505","Marvin","Hall","DET","WR",27,3,"WR","average",0.72,102,0.0650000000000001,NA,0.72,0.72,28,-114.919055555556,402,-99.552,390,-139.876166666667,426
"478","13864","Greg","Ward","PHI","WR",25,2,"WR","average",0.66,103,0.0549999999999999,NA,0.66,0.66,29,-114.979055555556,403,-99.612,391,-139.936166666667,427
"479","9200","Matt","Slater","NEP","WR",35,11,"WR","average",0.65,104,0.0950000000000001,NA,0.65,0.65,30,-114.989055555556,404,-99.622,392,-139.946166666667,428
"480","13169","Jehu","Chesson","NYJ","WR",27,2,"WR","average",0.56,105,0.0599999999999999,NA,0.56,0.56,31,-115.079055555556,405,-99.712,393,-140.036166666667,431
"481","13529","JoJo","Natson","LAR","WR",26,3,"WR","average",0.55,106,0.155,NA,0.55,0.55,32,-115.089055555556,406,-99.722,394,-140.046166666667,432
"482","14305","Olabisi","Johnson","MIN","WR",23,0,"WR","average",0.45,107,0.135,NA,0.45,0.45,33,-115.189055555556,407,-99.822,395,-140.146166666667,433
"483","10985","Jamize","Olawale","DAL","RB",31,7,"RB","average",0.41,188,0.0449999999999999,NA,0.41,0.41,58,-148.197833333333,498,-136.027166666667,492,-161.616833333333,501
"484","12832","Darius","Jackson","IND","RB",27,3,"RB","average",0.37,189,0.015,NA,0.37,0.37,59,-148.237833333333,499,-136.067166666667,493,-161.656833333333,502
"485","12822","Dan","Vitale","GBP","RB",27,3,"RB","average",0.36,190,0.015,NA,0.36,0.36,60,-148.247833333333,500,-136.077166666667,494,-161.666833333333,503
"486","14098","Damarea","Crockett","GBP","RB",23,0,"RB","average",0.35,191,0.075,NA,0.35,0.35,61,-148.257833333333,501,-136.087166666667,495,-161.676833333333,504
"487","11659","De'Anthony","Thomas","BAL","WR",27,5,"WR","average",0.34,108,0.0699999999999999,NA,0.34,0.34,34,-115.299055555556,409,-99.932,397,-140.256166666667,434
"488","13924","Ricky","Ortiz","NOS","RB",26,2,"RB","average",0.34,192,0.135,NA,0.34,0.34,62,-148.267833333333,502,-136.097166666667,496,-161.686833333333,505
"489","14107","JJ","Arcega-Whiteside","PHI","WR",24,0,"WR","average",0.29,109,0.0399999999999999,NA,0.29,0.29,35,-115.349055555556,410,-99.982,398,-140.306166666667,435
"490","13348","David","Moore","SEA","WR",25,2,"WR","average",0.25,110,0.0250000000000002,NA,0.25,0.25,36,-115.389055555556,411,-100.022,399,-140.346166666667,437
"491","13884","Vyncint","Smith","NYJ","WR",24,1,"WR","average",0.25,111,0.065,NA,0.25,0.25,37,-115.389055555556,411,-100.022,399,-140.346166666667,437
"492","13455","Patrick","Ricard","BAL","RB",26,2,"RB","average",0.21,193,NA,NA,0.21,0.21,63,-148.397833333333,503,-136.227166666667,497,-161.816833333333,506
"493","10514","Nick","Bellore","SEA","RB",31,8,"RB","average",0.2,194,NA,NA,0.2,0.2,64,-148.407833333333,504,-136.237166666667,498,-161.826833333333,507
"494","13637","Equanimeous","St. Brown","GBP","WR",24,1,"WR","average",0.2,112,0.03,NA,0.2,0.2,38,-115.439055555556,412,-100.072,400,-140.396166666667,438
"495","12917","Maurice","Harris","NOS","WR",28,3,"WR","average",0.17,113,0.01,NA,0.17,0.17,39,-115.469055555556,413,-100.102,401,-140.426166666667,439
"496","13165","Ryan","Switzer","PIT","WR",26,2,"WR","average",0.17,113,0.075,NA,0.17,0.17,NA,-115.469055555556,413,-100.102,401,-140.426166666667,439
"497","12181","Nelson","Agholor","PHI","WR",27,4,"WR","average",0.15,114,0.115,NA,0.15,0.15,NA,-115.489055555556,414,-100.122,402,-140.446166666667,440
"498","13377","Tim","Patrick","DEN","WR",27,2,"WR","average",0.04,115,0.015,NA,0.04,0.04,NA,-115.599055555556,415,-100.232,403,-140.556166666667,442
"499","13176","Zay","Jones","OAK","WR",25,2,"WR","average",0.03,116,0.17,NA,0.03,0.03,NA,-115.609055555556,416,-100.242,404,-140.566166666667,443
"500","12660","Pharoh","Cooper","ARI","WR",25,3,"WR","average",0.02,117,0.32,NA,0.02,0.02,NA,-115.619055555556,417,-100.252,405,-140.576166666667,444
"501","12213","Blake","Bell","KCC","TE",29,4,"TE","average",-0.3,85,0,NA,-0.3,-0.3,13,-91.8188715399617,361,-81.9596901385822,353,-107.636969000628,375
"502","12471","Seth","Roberts","BAL","WR",29,5,"WR","average",-0.3,118,0,NA,-0.3,-0.3,NA,-115.939055555556,420,-100.572,406,-140.896166666667,446
"503","12645","Laquon","Treadwell","MIN","WR",25,3,"WR","average",-0.3,118,0,NA,-0.3,-0.3,NA,-115.939055555556,420,-100.572,406,-140.896166666667,446
"504","12656","Rashard","Higgins","CLE","WR",26,3,"WR","average",-0.3,118,0,NA,-0.3,-0.3,NA,-115.939055555556,420,-100.572,406,-140.896166666667,446
"505","12665","Geronimo","Allison","GBP","WR",26,3,"WR","average",-0.3,118,0,NA,-0.3,-0.3,NA,-115.939055555556,420,-100.572,406,-140.896166666667,446
"506","12680","Nick","Vannett","PIT","TE",27,3,"TE","average",-0.3,85,0,NA,-0.3,-0.3,NA,-91.8188715399617,361,-81.9596901385822,353,-107.636969000628,375
"507","12785","Demarcus","Robinson","KCC","WR",26,3,"WR","average",-0.3,118,0,NA,-0.3,-0.3,NA,-115.939055555556,420,-100.572,406,-140.896166666667,446
"508","13066","Kalif","Raymond","TEN","WR",26,3,"WR","average",-0.3,118,0,NA,-0.3,-0.3,NA,-115.939055555556,420,-100.572,406,-140.896166666667,446
"509","13316","Trent","Taylor","SFO","WR",26,2,"WR","average",-0.3,118,0,NA,-0.3,-0.3,NA,-115.939055555556,420,-100.572,406,-140.896166666667,446
"510","13638","Braxton","Berrios","NYJ","WR",25,1,"WR","average",-0.3,118,0,NA,-0.3,-0.3,NA,-115.939055555556,420,-100.572,406,-140.896166666667,446
"511","13642","Auden","Tate","CIN","WR",23,1,"WR","average",-0.3,118,0,NA,-0.3,-0.3,NA,-115.939055555556,420,-100.572,406,-140.896166666667,446
"512","13644","Javon","Wims","CHI","WR",26,1,"WR","average",-0.3,118,0,NA,-0.3,-0.3,NA,-115.939055555556,420,-100.572,406,-140.896166666667,446
"513","13649","DaeSean","Hamilton","DEN","WR",25,1,"WR","average",-0.3,118,0,NA,-0.3,-0.3,NA,-115.939055555556,420,-100.572,406,-140.896166666667,446
"514","13676","Durham","Smythe","MIA","TE",25,1,"TE","average",-0.3,85,NA,NA,-0.3,-0.3,NA,-91.8188715399617,361,-81.9596901385822,353,-107.636969000628,375
"515","13793","Marquez","Valdes-Scantling","GBP","WR",26,1,"WR","average",-0.3,118,0,NA,-0.3,-0.3,NA,-115.939055555556,420,-100.572,406,-140.896166666667,446
"516","13857","Deon","Yelder","KCC","TE",25,1,"TE","average",-0.3,85,NA,NA,-0.3,-0.3,NA,-91.8188715399617,361,-81.9596901385822,353,-107.636969000628,375
"517","14106","Hakeem","Butler","ARI","WR",24,0,"WR","average",-0.3,118,0,NA,-0.3,-0.3,NA,-115.939055555556,420,-100.572,406,-140.896166666667,446
"518","14127","Jakobi","Meyers","NEP","WR",24,0,"WR","average",-0.3,118,0.036551724137931,NA,-0.3,-0.3,NA,-115.939055555556,420,-100.572,406,-140.896166666667,446
"519","14297","John","Ursua","SEA","WR",26,0,"WR","average",-0.3,118,0.186551724137931,NA,-0.3,-0.3,NA,-115.939055555556,420,-100.572,406,-140.896166666667,446
"520","13809","Russell","Gage","ATL","WR",24,1,"WR","average",-0.373103448275862,119,0.226896551724138,0.159952430502888,0.425103448275862,0.628689655172414,33,-116.012159003831,421,-99.8468965517241,396,-139.967477011494,429
"521","14114","Kelvin","Harmon","WAS","WR",24,0,"WR","average",-0.6,120,0.215,NA,-0.6,-0.6,NA,-116.239055555556,422,-100.872,407,-141.196166666667,447
"522","14125","Miles","Boykin","BAL","WR",24,0,"WR","average",-0.6,120,NA,NA,-0.6,-0.6,NA,-116.239055555556,422,-100.872,407,-141.196166666667,447
"523","11925","Allen","Hurns","MIA","WR",29,5,"WR","average",-1.03,121,NA,NA,-1.03,-1.03,NA,-116.669055555556,424,-101.302,408,-141.626166666667,449
